otel_ad,fiyat,Hava Alanına Uzaklığı,Denize Uzaklığı,İskele,A la Carte Restoran,Asansör,Açık Restoran,Kapalı Restoran,Açık Havuz,Kapalı Havuz,Bedensel Engelli Odası,Bar,Su Kaydırağı,Balo Salonu,Kuaför,Otopark,Market,Sauna,Doktor,Beach Voley,Fitness,Canlı Eğlence,Wireless Internet,Animasyon,Sörf,Paraşüt,Araç Kiralama,Kano,SPA,Masaj,Masa Tenisi,Çocuk Havuzu,Çocuk Parkı,il,ilce
Adalya Elite Lara,25799.5,10,50.0,1.0,5,1,1,1,2,1,1,5,1,1,1,1,1,1,1,1,1,1,1,1,1,1,1,1,1,1,1,1,1,Antalya , Lara-Kundu 
Adalya Ocean Deluxe,30432.7,65,0.0,0.0,3,1,1,1,1,1,1,3,1,0,1,0,0,1,1,1,1,1,1,1,0,0,1,0,1,1,1,1,1,Antalya , Side-Evrenseki 
Adam Eve,39150.0,35,0.0,1.0,7,1,1,1,5,1,1,7,1,0,1,1,0,1,1,1,1,0,1,1,0,0,1,1,1,1,1,0,0,Antalya , Belek-İskele 
Alaiye Resort Spa,16875.0,105,50.0,0.0,3,1,3,2,4,1,0,6,1,0,1,1,1,1,1,1,1,0,1,1,0,0,1,0,1,1,1,1,1,Antalya , Alanya-Türkler 
Alarcha Hotels Resorts,16907.5,100,0.0,0.0,2,1,1,1,1,1,1,4,1,0,1,1,1,1,1,1,1,0,1,1,0,0,1,0,1,1,1,1,0,Antalya , Side-Örenşehir 
Aletris Deluxe Hotel Spa,28209.6,45,600.0,0.0,3,1,1,4,2,1,1,6,1,0,1,1,1,1,1,1,1,1,1,1,0,1,1,0,1,1,1,1,0,Antalya , Side-Çolaklı 
Aqı Pegasos Royal,18662.9,95,0.0,1.0,3,1,1,1,1,1,0,1,1,0,1,1,1,1,1,0,0,1,1,1,0,1,0,1,0,1,1,1,1,Antalya , Alanya-İncekum 
Aydınbey Famous Resort Hotel,20586.0,40,0.0,0.0,1,1,1,1,2,1,1,5,1,0,1,1,1,1,1,1,1,0,1,1,1,1,1,1,0,1,1,1,1,Antalya , Belek-Boğazkent 
Aydınbey Gold Dreams Hotel,21900.0,110,,0.0,1,1,1,1,2,1,1,5,1,0,1,1,1,1,1,1,1,0,1,1,0,0,0,0,1,1,1,1,1,Antalya , Alanya-Türkler 
Aydınbey Queen`s Palace Hotel,35040.0,20,750.0,0.0,2,1,1,1,2,1,1,4,1,0,1,0,0,1,1,0,1,0,1,1,0,1,0,0,1,1,0,1,0,Antalya , Belek-Kadriye 
Blue Waters Club,29776.5,65,0.0,1.0,0,1,2,1,3,1,1,5,1,1,1,1,1,1,1,1,1,1,1,1,0,0,1,0,1,1,1,1,1,Antalya , Side-Sorgun 
Boyalık Beach Hotel Spa Thermal Resort,21037.5,90,0.0,1.0,0,1,1,1,2,2,1,2,0,0,1,1,1,1,1,0,1,1,1,1,1,1,1,0,1,1,1,1,1,Çeşme , Boyalık 
Club Hotel Sera,25882.5,9,0.0,1.0,1,1,1,1,1,1,1,3,1,0,1,1,1,1,1,0,1,0,1,1,0,0,1,0,1,1,1,1,1,Antalya , Lara-Örnekköy 
Club Paradiso,13230.0,130,750.0,0.0,2,1,1,1,3,1,1,8,1,0,0,1,1,1,1,1,1,1,1,1,0,1,1,1,1,1,1,1,1,Antalya , Alanya-Kestel 
Club Side Coast Hotel,15300.0,60,300.0,0.0,2,0,1,1,2,1,0,4,1,0,1,0,1,1,1,1,0,1,0,1,0,0,1,0,1,1,1,1,1,Antalya , Side-Çolaklı 
Commodore Elite Suites Spa,40505.4,55,0.0,0.0,2,1,1,1,1,1,0,0,1,0,0,1,0,1,1,0,1,0,1,1,0,0,1,0,1,1,0,0,0,Antalya , Side-Evrenseki 
Cornelia De Luxe Resort,38025.0,35,0.0,1.0,5,0,1,1,1,1,0,1,1,0,1,0,0,0,1,0,1,0,0,0,1,0,1,0,1,1,0,0,0,Antalya , Belek-Serik 
Crystal De Luxe Resort Spa,21840.0,56,50.0,1.0,3,1,3,4,3,2,1,4,1,0,1,1,1,1,1,1,1,1,1,1,1,1,1,1,1,1,1,1,1,Antalya , Kemer-Merkez 
Crystal Family Resort Spa,25875.0,40,0.0,0.0,6,1,5,2,5,2,1,6,1,0,1,1,1,1,1,1,1,1,1,1,1,0,1,1,1,1,0,1,1,Antalya , Belek-Boğazkent 
Crystal Palace Luxury Resort Spa,25935.0,55,0.0,0.0,5,1,4,4,2,1,1,10,1,0,1,1,1,1,1,1,1,1,1,1,0,0,1,0,1,1,1,1,1,Antalya , Side-Çolaklı 
Crystal Sunset Luxury,14399.2,60,750.0,0.0,6,1,1,1,4,2,1,13,1,0,1,1,1,1,1,1,1,1,1,1,0,1,1,1,1,1,1,1,1,Antalya , Side-Kumköy 
Çenger Beach Resort Spa,24949.2,90,100.0,0.0,2,1,1,1,1,1,1,4,1,0,1,1,1,1,1,1,1,1,1,1,1,0,1,1,1,1,1,1,0,Antalya , Side-Kızılot 
Doria Hotel Bodrum,16320.0,38,750.0,1.0,1,0,1,1,2,1,0,2,0,0,0,1,0,1,1,0,1,0,1,0,0,0,1,0,1,1,0,1,0,Bodrum , Bitez 
Ela Excellence Resort Belek,24675.8,35,0.0,1.0,7,1,8,4,1,1,1,10,1,0,1,1,1,1,1,1,1,1,1,1,0,0,1,0,1,1,1,1,1,Antalya , Belek-İskele 
Hotel Grand Kaptan,16198.6,131,,1.0,1,1,1,1,2,0,1,5,1,0,1,1,1,1,1,1,1,1,1,1,0,0,1,0,0,1,1,1,1,Antalya , Alanya-Obagöl 
Hotel Terrace Beach Resort,23625.0,60,0.0,0.0,2,1,1,1,1,1,1,3,1,0,1,0,1,1,1,1,1,0,1,1,0,0,1,0,1,1,1,1,0,Antalya , Side-Kumköy 
Kirman Sidemarin Beach Spa,23625.0,60,0.0,1.0,4,1,1,1,1,1,0,8,1,0,1,0,0,1,1,1,1,1,0,1,0,0,1,0,1,1,1,1,1,Antalya , Side 
Laguna Beach Alya Resort Spa,18809.8,90,100.0,0.0,1,0,1,1,4,0,0,4,1,0,1,0,1,1,1,1,1,0,1,0,0,0,1,0,0,1,1,1,0,Antalya , Alanya-Okurcalar 
Limak Atlantis Deluxe Hotel Resort,32076.0,35,0.0,1.0,5,1,1,1,5,1,1,4,1,0,1,1,1,1,1,1,1,0,1,1,1,0,1,1,1,1,1,1,1,Antalya , Belek-İleribaşı 
Limak Lara Deluxe Hotel Resort,31752.0,13,0.0,1.0,4,1,1,1,3,1,1,8,1,0,1,1,1,1,1,1,1,0,1,1,1,0,0,0,1,1,1,1,1,Antalya , Lara-Kundu 
Limak Limra Hotel Resort,29484.0,75,0.0,1.0,5,1,1,1,4,1,1,4,1,1,1,1,1,1,1,1,1,1,1,1,1,1,1,0,1,1,1,1,0,Antalya , Kemer-Kiriş 
Lrs Lake River Side Hotel Spa,21265.9,65,750.0,0.0,3,1,1,1,1,1,1,2,1,0,1,1,1,1,1,1,1,1,1,1,0,1,1,0,1,1,1,1,1,Antalya , Side-Titreyengöl 
Lrs Port River Hotel Spa,20674.0,65,200.0,0.0,2,1,1,1,1,1,1,4,1,0,1,1,1,1,1,1,1,1,1,1,0,1,1,0,1,1,1,1,1,Antalya , Side-Titreyengöl 
Luna Blanca Resort Spa,22499.9,65,200.0,0.0,2,1,1,1,2,1,1,3,1,0,1,1,1,1,1,1,1,1,1,1,0,1,0,0,1,1,1,1,1,Antalya , Side-Kumköy 
Lykia World Antalya,23085.0,50,0.0,1.0,5,1,1,1,6,2,1,5,1,0,1,1,1,1,1,0,1,1,1,1,0,0,0,1,1,0,1,1,1,Antalya , Belek-Boğazkent 
Marvida Family Eco,17784.0,70,400.0,0.0,4,1,1,1,3,1,1,4,1,0,1,1,1,1,1,1,1,1,1,1,0,0,1,1,1,1,1,1,1,Antalya , Side-Titreyengöl 
Megasaray Club Belek,36000.0,29,0.0,1.0,2,1,4,2,3,1,0,4,1,1,1,1,1,1,1,1,1,1,1,1,0,0,1,0,1,1,1,1,1,Antalya , Belek-Serik 
Meridia Beach Hotel,8640.0,76,100.0,0.0,1,1,1,1,1,1,1,6,1,0,0,1,1,1,1,1,1,1,1,1,0,0,0,0,1,1,1,1,1,Antalya , Alanya-Okurcalar 
Meryan Beach Hotel Spa,12375.0,85,0.0,1.0,0,1,2,1,2,1,1,5,1,0,1,1,1,1,1,1,1,1,1,1,1,1,1,0,1,1,1,1,1,Antalya , Alanya-Okurcalar 
Mirada Del Mar,23166.0,45,0.0,1.0,5,1,3,1,3,1,1,8,1,0,0,1,1,1,1,1,1,1,1,1,0,0,0,0,1,1,1,1,1,Antalya , Kemer-Göynük 
Orange County Kemer,35100.0,60,0.0,1.0,1,1,1,1,2,1,1,1,1,0,1,1,1,1,1,0,1,0,1,1,1,0,1,1,1,1,1,0,0,Antalya , Kemer-Merkez 
Pine Beach Belek,32400.0,33,0.0,0.0,3,1,1,1,3,3,1,1,1,0,1,1,1,1,1,1,1,1,1,1,1,1,1,0,1,1,1,1,1,Antalya , Belek-İleribaşı 
Queens Park Le Jardin Resort Spa,29503.5,60,0.0,1.0,4,1,1,1,2,1,1,3,1,0,1,1,1,1,1,1,1,0,1,1,1,0,1,1,1,1,1,1,0,Antalya , Kemer-Kiriş 
Queens Park Resort Göynük,34037.2,46,0.0,0.0,3,1,1,1,2,1,0,4,1,0,1,0,1,1,1,1,1,1,1,1,0,0,1,1,1,1,1,1,1,Antalya , Kemer-Göynük 
Ramada Resort Bodrum,24795.0,40,750.0,0.0,1,1,1,1,1,1,1,4,0,1,0,1,0,1,1,0,1,0,1,0,0,0,1,0,0,1,1,1,0,Bodrum , Bitez 
Raymar Resort Aqua,18144.0,88,0.0,1.0,3,1,1,1,2,1,0,1,1,0,0,1,1,1,1,1,1,1,1,1,1,1,0,1,1,1,1,1,1,Antalya , Side-Manavgat 
Riolavitas Resort Spa,20126.4,75,300.0,0.0,1,1,1,1,1,1,0,1,1,0,1,0,1,1,1,1,1,0,1,1,0,0,1,0,1,1,1,1,1,Antalya , Side-Titreyengöl 
Rox Royal Hotel,16380.0,60,100.0,0.0,0,1,1,1,1,1,0,1,1,0,1,1,0,1,1,1,1,1,1,1,0,0,1,0,1,1,1,1,1,Antalya , Kemer 
Selene Beach Spa Hotel,22139.2,105,0.0,0.0,1,1,1,1,1,0,0,2,0,0,1,1,0,1,1,0,1,0,1,1,0,0,1,0,0,1,0,0,0,Antalya , Alanya-Türkler 
Sensitive Premium Resort Spa,18075.2,40,300.0,0.0,3,1,1,1,1,1,1,3,1,1,1,1,1,1,1,1,1,1,1,1,1,1,1,1,1,1,1,1,1,Antalya , Belek-Boğazkent 
Sentido Kamelya Selin Hotel,35271.6,55,0.0,0.0,6,1,1,1,5,2,1,7,1,0,1,1,1,1,1,1,1,1,1,1,0,0,1,0,1,1,1,1,1,Antalya , Side-Çolaklı 
Sentido Trendy Verbena Beach,30375.0,55,0.0,0.0,5,1,1,1,3,1,1,6,1,0,1,1,1,1,1,0,1,1,1,1,0,0,1,0,1,1,0,1,1,Antalya , Side-Evrenseki 
Side Premium Hotel,30858.0,55,100.0,0.0,4,1,1,1,2,1,1,3,1,0,1,0,1,1,1,1,1,1,1,1,1,0,0,0,0,1,1,1,1,Antalya , Side-Evrenseki 
Side Royal Style,19748.1,45,200.0,0.0,1,1,1,1,1,0,0,1,1,0,1,1,1,1,1,1,1,1,1,1,0,0,1,0,1,1,1,1,0,Antalya , Side-Evrenseki 
Side Star Resort,19918.3,50,0.0,0.0,3,1,1,1,1,0,1,5,1,0,1,1,1,1,1,1,1,1,1,1,0,0,1,0,0,1,1,1,1,Antalya , Side-Gündoğdu 
Side Stella Elite Resort Adult Only +16,24639.1,0,,,0,0,0,0,0,0,0,0,0,0,0,0,0,0,0,0,0,0,0,0,0,0,0,0,0,0,0,0,0,Null,
Sirius Deluxe Hotel,22440.0,110,0.0,1.0,1,1,1,1,1,1,1,1,1,0,1,1,1,1,1,0,1,0,1,1,0,1,1,1,1,1,1,1,0,Antalya , Alanya 
Sueno Hotels Beach Side,27000.0,60,0.0,1.0,6,1,1,1,6,1,1,13,1,1,0,1,0,1,1,1,1,0,1,1,0,0,1,0,1,1,1,1,1,Antalya , Side-Sorgun 
Sunis Elita Beach Resort Spa,27840.0,81,0.0,1.0,5,1,1,1,3,1,1,0,1,0,1,1,1,1,1,1,1,1,1,1,0,0,1,1,1,1,1,1,1,Antalya , Side-Kızılağaç 
Sunis Evren Beach Resort Hotel,27000.0,60,0.0,0.0,5,1,1,1,1,1,1,2,1,0,1,0,1,1,1,1,1,1,1,1,0,0,0,0,0,1,1,1,1,Antalya , Side-Evrenseki 
Susesi Luxury Resort,60480.0,35,0.0,1.0,6,1,4,3,4,1,1,11,1,1,1,1,1,1,1,1,1,1,1,1,1,0,1,1,1,1,1,1,1,Antalya , Belek-İskele 
The Lumos Deluxe,22201.5,155,100.0,1.0,2,1,1,1,2,1,1,5,1,0,1,1,1,1,1,1,1,1,1,1,1,1,1,1,1,1,1,1,1,Antalya , Alanya-Kargıcak 
Trendy Palm Beach,25312.5,60,0.0,0.0,3,1,1,1,2,1,1,3,1,0,1,1,1,1,1,1,1,1,1,1,0,0,0,0,1,1,1,1,0,Antalya , Side-Kumköy 
Tui Magic Life Belek,24097.5,25,0.0,0.0,4,0,1,1,1,0,0,7,1,0,1,1,1,1,1,1,1,1,1,1,0,0,1,1,1,1,1,1,1,Antalya , Belek 
Turunç Premium Hotel,29700.0,120,0.0,1.0,1,1,1,1,1,1,1,5,0,0,0,1,1,1,1,0,1,1,1,0,0,0,1,1,1,1,1,1,1,Marmaris , Turunç 
Venezia Palace Deluxe Resort Hotel,31239.0,15,0.0,1.0,3,1,1,1,2,1,1,8,1,0,1,1,1,1,1,1,1,0,1,1,1,0,1,1,1,1,1,1,1,Antalya , Lara-Kundu 
Vonresort Elite,29949.7,55,0.0,1.0,7,1,1,1,3,1,0,7,1,0,1,1,1,1,1,1,1,1,1,1,0,1,1,1,1,1,1,1,1,Antalya , Side-Çolaklı 
Vonresort Golden Beach,21494.1,55,200.0,1.0,7,0,1,1,3,0,0,7,1,0,1,1,1,1,1,1,1,1,1,1,0,1,1,1,1,1,1,1,1,Antalya , Side-Çolaklı 
Vonresort Golden Coast,10822.5,55,0.0,1.0,7,1,1,1,3,1,1,7,1,0,1,1,1,1,1,1,1,1,1,1,0,1,1,1,1,1,1,1,1,Antalya , Side-Çolaklı 
Wome Deluxe Hotel,24412.5,70,0.0,1.0,1,1,1,1,12,1,0,4,1,0,0,0,1,1,1,0,1,1,1,1,0,1,1,0,1,1,1,1,1,Antalya , Alanya-Avsallar 
Adalya Resort Spa Adults Only,23400.0,65,0.0,0.0,3,1,1,1,2,1,1,5,1,0,1,0,1,1,1,1,1,1,1,1,0,0,1,0,1,1,1,1,1,Antalya , Side-Evrenseki 
Beach Club Doğanay,18514.0,45,,1.0,1,1,1,1,2,1,1,4,1,1,1,1,0,1,1,1,1,0,0,0,0,0,1,0,1,1,1,0,1,Antalya , Alanya-Konaklı 
Tui Magic Life Jacaranda,33540.0,65,0.0,0.0,5,1,5,2,7,1,1,6,1,0,1,1,1,1,1,1,1,0,1,1,0,0,1,0,1,1,1,1,1,Antalya , Side-Çolaklı 
Novum Garden Side Hotel,28203.0,55,200.0,0.0,1,1,1,1,1,1,0,6,1,0,1,1,1,1,1,1,1,1,1,1,0,0,1,0,1,1,1,1,0,Antalya , Side 
Side Breeze,15840.0,55,200.0,0.0,0,0,2,0,0,0,0,5,0,0,0,0,0,1,1,1,1,0,0,1,0,0,0,0,0,0,1,1,1,Antalya , Side 
Telatiye Resort Hotel,13291.2,110,50.0,0.0,2,1,1,1,2,1,0,3,1,0,1,1,1,1,1,0,1,0,1,1,0,0,1,0,1,1,1,1,1,Antalya , Alanya-Konaklı 
Villa Side Residence,18900.0,60,200.0,0.0,0,1,1,1,1,1,1,0,1,0,1,1,1,0,1,0,0,0,1,0,0,0,0,0,1,1,0,1,0,Antalya , Side-Manavgat 
Alaiye Kleopatra Hotel,12119.6,45,100.0,0.0,0,1,1,1,1,1,1,3,0,0,1,0,0,1,1,0,1,1,1,1,0,0,1,0,1,1,0,1,0,Antalya , Alanya-Kleopatra 
Amon Hotels Belek,19958.4,25,750.0,0.0,1,1,1,1,1,1,1,3,1,0,0,1,1,1,1,1,1,1,1,1,0,0,1,0,1,1,1,0,0,Antalya , Belek 
Ares Dream Hotel,8178.0,50,200.0,0.0,0,0,1,1,1,0,0,1,0,0,0,0,0,1,0,0,0,0,1,0,0,0,0,0,0,1,0,1,0,Antalya , Kemer-Merkez 
Asrın Beach Hotel,12144.0,100,0.0,0.0,1,1,1,1,1,1,0,4,1,0,1,0,1,1,1,0,1,0,1,1,0,0,1,1,1,1,0,1,0,Antalya , Alanya-İncekum 
Club Hotel Rama,11700.0,45,0.0,1.0,0,1,1,1,2,0,0,2,1,0,0,1,1,1,1,0,1,1,1,1,0,0,1,0,1,1,1,1,1,Antalya , Kemer-Beldibi 
Elamir Resort Hotel,13433.4,55,100.0,0.0,1,1,1,1,1,0,1,0,0,0,0,0,0,1,0,1,1,0,1,1,0,0,0,1,1,1,1,0,0,Antalya , Kemer 
Get Enjoy Hotels,13005.0,40,200.0,0.0,0,1,1,1,2,0,0,3,1,0,0,1,1,1,1,1,1,0,1,1,0,0,1,0,0,1,1,1,1,Antalya , Kemer-Beldibi 
The X Belek,22264.0,27,750.0,0.0,4,0,1,1,1,1,0,4,1,0,1,0,0,1,1,1,1,1,1,1,0,0,1,0,1,1,1,1,0,Antalya , Belek-Serik 
Antique Roman Palace +16,13365.0,0,,,0,0,0,0,0,0,0,0,0,0,0,0,0,0,0,0,0,0,0,0,0,0,0,0,0,0,0,0,0,Null,
Astoria Hotel,12105.0,55,200.0,0.0,0,1,1,1,1,1,1,2,0,0,0,0,0,1,1,0,1,0,1,1,0,0,0,0,1,1,1,1,1,Antalya , Kemer-Merkez 
Club Mermaid Village,7705.1,110,500.0,0.0,1,1,1,1,3,1,0,4,1,0,1,1,1,1,1,0,1,0,1,1,0,0,1,0,0,1,1,1,1,Antalya , Alanya-Türkler 
Hane Family Resort Hotel,15257.7,60,300.0,0.0,1,1,1,1,8,1,1,1,1,0,1,1,1,1,1,0,1,0,0,1,0,0,1,0,1,1,1,1,0,Antalya , Side-Kumköy 
Hoşça Kal Alaçatı,30000.0,0,,0.0,0,0,1,1,0,0,0,1,0,0,0,0,0,0,0,0,0,0,1,0,0,0,0,0,0,0,0,0,0,Çeşme , Alaçatı 
Miramor Garden Resort,12105.0,65,200.0,0.0,0,1,0,0,0,0,0,0,1,0,0,0,1,1,1,1,1,0,1,0,0,0,1,0,1,1,1,1,0,Antalya , Kemer-Kiriş 
Museum Resort Spa,5292.0,35,750.0,0.0,0,0,0,1,1,0,0,1,1,0,0,1,1,0,1,0,0,0,1,1,0,0,1,0,0,0,0,1,0,Bodrum , Bodrum Merkez-Azmakbaşı 
Mysea Hotels Alara,8505.0,100,0.0,0.0,0,0,1,1,1,1,1,1,1,0,0,1,1,1,1,0,1,0,1,1,1,1,1,0,0,1,1,1,0,Antalya , Alanya-Okurcalar 
Side Su Hotel,14133.6,60,200.0,0.0,0,1,1,0,3,0,1,3,0,0,1,1,1,1,1,0,1,1,1,1,1,1,1,1,1,1,1,0,0,Antalya , Side 
Flora Bodrum Hotel,14256.0,35,50.0,0.0,0,0,1,1,1,0,1,1,0,0,0,0,0,0,0,0,0,0,1,0,0,0,1,0,0,0,0,0,0,Bodrum , Gümbet 
Malibu Resort Hotel,11117.6,70,300.0,0.0,0,1,0,1,1,0,0,1,0,0,0,1,0,0,0,1,0,0,1,1,0,0,1,0,0,0,1,1,1,Antalya , Kemer-Kiriş 
Feniks Hotel +12 Adult Only,20412.0,0,,,0,0,0,0,0,0,0,0,0,0,0,0,0,0,0,0,0,0,0,0,0,0,0,0,0,0,0,0,0,Null,
Le Meridien Bodrum Beach Resort,42083.1,15,0.0,1.0,0,1,1,1,1,1,1,4,1,0,0,1,1,1,1,1,1,0,1,0,0,0,1,0,1,1,0,1,1,Bodrum , Adabükü 
Rubi Platinum Sign,45818.2,104,0.0,1.0,2,0,1,1,1,1,0,1,1,0,0,0,0,1,0,1,0,1,1,1,0,0,0,1,0,1,1,1,1,Antalya , Alanya-Türkler 
Sentido Lycus Beach,16005.8,0,0.0,0.0,1,0,0,0,0,0,0,0,0,0,0,1,0,1,0,1,0,0,0,1,0,0,0,0,0,1,1,1,0,Antalya , Alanya-Okurcalar 
Side Square Hotel,15321.6,0,,0.0,0,1,1,1,1,0,0,2,0,0,0,1,0,1,1,0,0,1,1,1,1,1,1,0,0,1,0,0,0,Antalya , Side 
Akay Garden Family Club,8212.5,80,750.0,0.0,0,0,1,1,1,0,0,3,1,0,0,0,0,0,0,0,0,1,1,1,0,0,0,0,0,0,1,1,1,Çeşme , Ildır 
Elamir Beach Bungalow,10631.2,55,50.0,0.0,0,0,0,1,0,0,0,0,0,0,0,0,0,1,0,1,0,0,1,1,0,0,0,1,0,1,1,0,0,Antalya , Kemer 
Adin Beach Hotel,33120.0,105,0.0,1.0,3,1,1,2,6,2,1,0,1,0,1,1,1,1,1,0,1,0,1,1,1,1,1,1,0,1,1,1,1,Antalya , Alanya-İncekum 
Melas Resort Hotel,29700.0,65,0.0,0.0,3,0,1,1,1,1,0,3,1,0,1,1,1,1,1,1,1,1,1,1,0,0,0,1,0,1,1,1,1,Antalya , Side-Kumköy 
Green Garden Resort Hotel,24480.0,133,,0.0,1,1,1,1,6,1,1,1,1,0,1,1,1,1,1,1,1,0,1,1,0,0,0,0,1,1,1,1,1,Antalya , Alanya-Obagöl 
Suess Alaçatı,18000.0,90,750.0,0.0,1,0,1,1,1,0,0,1,0,0,0,1,0,0,0,0,0,0,1,0,0,0,1,0,0,0,0,1,0,Çeşme , Alaçatı 
Adenya Hotel Resort,33870.6,65,0.0,1.0,2,1,1,1,7,2,1,0,1,0,1,1,1,1,1,1,1,1,1,1,1,1,1,0,0,1,1,1,1,Antalya , Alanya-Türkler 
Champion Holiday Village,30801.6,45,0.0,1.0,2,1,1,1,1,0,1,3,1,0,1,1,1,1,1,1,1,1,1,1,0,0,0,0,1,1,1,1,1,Antalya , Kemer-Beldibi 
Hotel Turan Prince,24576.0,55,0.0,1.0,3,1,1,1,3,1,0,11,1,0,1,0,1,1,1,1,1,1,1,1,1,0,1,1,1,1,1,1,1,Antalya , Side 
İncekum Beach Resort,24990.0,98,0.0,1.0,2,0,2,1,2,1,1,3,1,0,1,0,0,1,1,1,1,1,1,1,1,1,0,0,1,1,1,1,1,Antalya , Alanya-İncekum 
Juju Premier Palace (Ex. Amara Premier Palace),32400.0,0,,,0,0,0,0,0,0,0,0,0,0,0,0,0,0,0,0,0,0,0,0,0,0,0,0,0,0,0,0,0,Null,
Kempinski Hotel Barbaros Bay,35955.0,38,0.0,1.0,3,1,1,1,1,1,1,2,0,1,1,1,1,1,1,1,1,0,1,0,1,1,1,1,1,1,1,1,1,Bodrum , Yalıçiftlik 
Lonicera Resort Spa Hotel,30723.0,98,0.0,0.0,1,1,1,1,4,2,1,11,1,0,1,1,1,1,1,1,1,1,1,1,0,0,1,0,1,1,1,1,1,Antalya , Alanya-Avsallar 
Modern Saraylar Halal Hotel Spa,18450.0,103,750.0,0.0,1,1,1,1,1,1,0,0,1,0,1,1,1,1,1,0,1,1,1,1,0,0,1,0,0,1,1,1,1,Antalya , Alanya-Avsallar 
Sailors Beach Club,17923.2,65,0.0,1.0,2,1,1,1,1,1,1,5,1,0,1,1,1,1,1,1,1,1,1,1,1,0,0,1,1,1,1,1,1,Antalya , Kemer-Kiriş 
Seaden Quality Resort,40374.4,64,0.0,0.0,1,1,1,1,1,1,0,1,0,0,1,1,0,1,1,1,1,1,1,1,0,0,1,0,1,1,1,1,1,Antalya , Side-Bingeşik 
Sentido Kamelya Fulya Hotel,17981.5,55,0.0,0.0,5,1,1,1,8,4,0,6,1,0,1,1,1,1,1,1,1,1,1,1,0,0,1,0,1,1,1,1,1,Antalya , Side-Çolaklı 
Hedef Beach Resort Spa,1756715.2,100,100.0,0.0,3,0,1,1,1,1,1,5,1,0,1,0,1,1,1,1,1,0,1,1,0,0,1,0,1,1,1,1,0,Antalya , Alanya-Konaklı 
Orange County Belek,26733.0,35,0.0,1.0,1,1,1,1,1,1,0,1,1,0,0,1,0,1,0,1,1,0,1,0,0,0,0,0,1,1,1,1,0,Antalya , Belek 
Seashell Resort Spa Hotel,23400.0,55,0.0,0.0,3,1,1,1,1,1,1,4,1,0,1,1,0,1,1,1,1,1,1,1,0,0,1,0,1,1,1,1,0,Antalya , Side-Evrenseki 
Side Star Beach,6750.0,65,0.0,0.0,3,1,1,1,1,0,1,3,0,0,1,1,1,1,1,1,1,1,1,1,0,0,1,0,1,1,1,1,1,Antalya , Side-Manavgat 
Ayayorgi Hotel By T,12276.0,97,750.0,0.0,1,1,1,1,1,0,1,2,0,0,0,1,0,0,0,0,0,0,1,0,0,0,0,0,0,0,0,0,0,Çeşme , Çeşme Merkez 
Baldan Suites,110694.0,130,0.0,1.0,1,0,1,0,0,0,0,1,0,0,0,0,0,0,0,0,0,0,1,0,0,0,0,0,0,0,0,0,0,Marmaris , Bozburun 
Golden Key Bördübet,47994.0,125,500.0,1.0,2,0,2,0,1,0,0,4,0,0,0,1,0,0,1,0,0,0,1,0,1,0,1,1,0,1,1,0,0,Marmaris , Bördübet 
Adalya Art Side Hotel,14641.8,60,300.0,0.0,5,1,1,1,1,1,1,5,1,0,1,1,1,1,1,1,1,0,1,1,0,0,1,0,1,1,1,1,1,Antalya , Side-Evrenseki 
Akra Hotel,23348.4,15,0.0,1.0,1,1,1,1,3,1,1,1,0,0,1,1,1,1,1,1,1,1,1,0,0,0,1,0,0,1,1,1,0,Antalya , Lara 
Altın Yunus Hotel Spa – Çeşme,18225.0,0,,,0,0,0,0,0,0,0,0,0,0,0,0,0,0,0,0,0,0,0,0,0,0,0,0,0,0,0,0,0,Null,
Annabella Diamond Hotel Spa,13770.0,60,0.0,0.0,1,1,1,1,1,0,0,1,1,0,1,1,1,1,1,1,1,1,1,1,0,0,0,0,1,1,1,1,1,Antalya , Alanya-İncekum 
Aska Lara Resort Spa,32140.8,12,500.0,1.0,5,1,1,1,4,2,1,8,1,0,1,1,1,1,1,1,1,1,1,1,0,0,1,0,1,1,1,1,1,Antalya , Lara-Kundu 
Aydınbey King`s Palace Hotel,38127.9,60,0.0,0.0,2,1,1,1,3,1,1,6,1,0,1,0,1,1,1,1,1,0,1,1,1,1,1,1,1,1,1,1,1,Antalya , Side-Evrenseki 
Belconti Resort Hotel,31356.5,30,0.0,0.0,3,1,2,4,2,1,1,7,1,0,1,0,1,1,1,1,1,1,1,1,1,0,0,1,0,1,1,1,1,Antalya , Belek-İskele 
Blue Marlin Deluxe Spa Resort,15552.0,55,100.0,1.0,0,1,1,1,2,1,1,4,1,0,1,0,1,1,1,0,1,0,1,1,0,0,1,0,1,1,1,1,1,Antalya , Alanya-Konaklı 
Cape Bodrum Luxury Hotel Beach,50400.0,45,0.0,1.0,2,1,1,1,1,1,1,3,0,0,1,1,0,1,1,0,1,0,1,0,0,0,1,0,1,1,0,1,0,Bodrum , Gündoğan 
Club Hotel Turan Prince World,21060.0,75,0.0,1.0,3,0,1,1,3,1,1,7,1,0,1,0,1,1,1,1,1,1,1,1,1,1,1,1,1,1,1,1,1,Antalya , Side-Kızılağaç 
Corendon Playa Kemer,21654.6,40,0.0,1.0,2,1,1,1,1,1,1,6,1,0,1,1,0,1,1,1,1,1,1,1,0,0,1,0,0,1,1,1,1,Antalya , Kemer-Beldibi 
Doubletree By Hilton Antalya City Centre,43176.6,15,,0.0,1,1,1,2,1,1,1,2,0,1,0,1,0,0,1,0,0,0,1,0,0,0,0,0,0,0,0,1,0,Antalya , Antalya Merkez-Muratpaşa 
Doubletree By Hilton Bodrum Işıl Club Resort,12750.0,25,0.0,1.0,2,1,1,1,1,0,0,5,1,0,1,1,1,1,1,1,1,1,1,1,1,0,1,1,1,1,1,1,1,Bodrum , Torba-Kaynar Mevkii 
Elegance Hotel Marmaris,24675.8,95,0.0,1.0,2,1,0,1,2,0,1,4,0,1,1,0,1,1,1,0,1,1,0,1,1,1,1,0,1,1,1,1,1,Marmaris , Siteler 
Emelda Sun Club,33345.0,70,0.0,1.0,4,1,1,1,2,0,1,9,1,0,1,0,1,1,1,1,1,1,1,1,0,0,0,0,0,1,1,1,1,Antalya , Kemer-Çamyuva 
Kirman Calyptus Resort Spa,17100.0,60,400.0,1.0,2,1,1,1,1,1,0,6,1,1,1,0,0,1,1,0,1,0,0,1,0,0,1,0,1,1,1,1,1,Antalya , Side 
Kirman Leodikya Resort,23625.0,90,0.0,0.0,1,1,1,1,1,1,1,7,1,0,1,1,0,1,1,1,1,1,0,1,0,0,1,0,1,1,1,1,1,Antalya , Alanya-Okurcalar 
Kirman Sidera Luxury Spa,19500.0,90,0.0,1.0,5,1,1,1,2,1,1,5,1,0,1,1,0,1,1,1,1,1,0,1,0,0,1,0,1,1,1,1,1,Antalya , Alanya-Okurcalar 
Lujo Bodrum,64213.5,15,0.0,1.0,9,1,5,4,4,1,0,14,1,1,1,1,1,1,1,1,1,0,1,1,1,0,1,1,1,1,1,1,1,Bodrum , Güvercinlik 
Martı La Perla,18432.0,105,0.0,0.0,1,1,1,1,1,0,1,2,0,0,1,0,1,1,1,1,1,1,1,1,0,0,1,0,0,1,1,0,0,Marmaris , İçmeler 
Mirage World Hotel,15637.0,90,50.0,0.0,0,1,1,1,4,0,1,3,1,0,1,1,1,1,1,1,1,0,1,1,0,0,1,1,1,1,1,1,1,Marmaris , İçmeler 
Mylome Luxury Hotel Resort,24008.4,90,0.0,1.0,5,1,1,1,3,1,0,7,1,0,1,1,1,1,1,1,1,1,1,1,0,0,1,0,1,1,1,1,1,Antalya , Alanya-Okurcalar 
Nirvana Cosmopolitan Hotel,39785.2,0,0.0,1.0,5,0,1,1,1,1,1,1,0,0,1,1,1,1,1,1,1,1,1,1,0,0,1,0,1,1,1,1,1,Antalya , Lara-Kundu 
Orange County Alanya,37050.0,90,0.0,1.0,1,1,1,1,1,1,1,7,1,0,1,1,1,1,1,1,1,1,1,1,0,1,1,0,1,1,0,1,1,Antalya , Alanya-Okurcalar 
Pirate`s Beach Club,14400.0,70,200.0,1.0,3,0,1,1,4,1,1,6,1,0,1,1,1,1,1,1,1,0,1,1,1,0,1,1,1,1,1,1,1,Antalya , Kemer-Tekirova 
Port Nature Luxury Resort Hotel Spa,18144.0,40,0.0,1.0,5,1,1,1,2,1,1,8,1,1,1,1,1,1,1,1,1,1,1,1,1,1,1,1,1,1,1,1,1,Antalya , Belek-Boğazkent 
Porto Bello Hotel Resort Spa,18792.0,20,,0.0,1,1,1,2,1,1,1,4,1,0,1,1,1,1,1,1,1,1,1,1,1,1,1,1,1,1,1,1,1,Antalya , Konyaaltı-Konyaaltı 
Seven Seas Hotel Life,23400.0,45,0.0,1.0,1,1,2,1,3,0,1,5,1,0,1,1,1,1,1,1,1,1,1,1,1,0,1,1,1,1,1,1,1,Antalya , Kemer-Göynük 
Side Star Elegance,24824.2,65,0.0,0.0,5,1,1,1,3,0,0,8,1,0,1,1,1,1,1,1,1,1,1,1,0,0,1,0,0,1,1,1,1,Antalya , Side-Kumköy 
Sky Business Hotel,10500.0,9,,0.0,1,1,1,2,1,0,1,0,0,1,1,1,0,0,1,0,0,0,1,0,0,0,1,0,0,0,0,1,1,Antalya , Antalya Merkez 
Sueno Hotels Deluxe Belek,43875.0,30,0.0,1.0,6,1,2,2,1,2,1,6,1,0,1,1,1,1,1,1,1,1,1,0,1,0,1,1,0,1,1,1,1,Antalya , Belek 
Sueno Hotels Golf Belek,40500.0,30,300.0,1.0,0,1,2,2,1,1,1,7,1,1,1,1,1,1,1,1,1,1,1,1,0,0,0,0,1,1,1,1,1,Antalya , Belek-Taşlıburun 
Sunis Hotel Su,30375.0,18,0.0,0.0,4,1,1,1,1,1,1,1,0,1,1,1,1,1,1,0,1,1,1,0,0,0,1,0,1,1,1,1,1,Antalya , Konyaaltı-Konyaaltı 
Sunis Kumköy Beach Resort,32400.0,60,0.0,0.0,6,1,1,1,6,1,1,0,1,0,1,1,1,1,1,1,1,1,1,1,0,1,1,1,1,1,1,1,1,Antalya , Side-Kumköy 
Swandor Hotels Resort Topkapı Palace,30958.2,16,0.0,1.0,3,0,1,1,1,1,1,8,1,1,1,1,1,1,1,1,1,1,1,1,1,0,0,0,1,1,1,1,1,Antalya , Lara-Kundu 
The Marmara Bodrum,31788.2,35,750.0,0.0,1,0,1,1,2,0,1,1,0,0,1,1,1,1,0,0,1,0,1,0,0,0,1,0,1,1,0,0,0,Bodrum , Bodrum Merkez 
Timo Deluxe Resort,26241.7,110,,0.0,1,1,1,1,2,1,1,3,1,0,1,1,1,1,1,1,1,0,1,1,0,1,1,1,1,1,1,1,1,Antalya , Alanya-Konaklı 
White City Resort Spa,20565.0,110,0.0,1.0,3,1,1,1,3,1,1,5,1,0,1,1,1,1,1,1,1,1,1,1,0,0,1,0,1,1,1,1,1,Antalya , Alanya-Türkler 
Wind Of Lara Hotel Spa,27154.2,12,750.0,0.0,3,1,3,1,1,1,0,1,1,1,1,1,1,1,1,1,1,0,1,1,0,0,1,0,1,1,1,1,1,Antalya , Lara 
Side Sunport Hotel Spa (Ex. Side Sungate),35057.6,0,,,0,0,0,0,0,0,0,0,0,0,0,0,0,0,0,0,0,0,0,0,0,0,0,0,0,0,0,0,0,Null,
Swiss Otel Resort Spa Çeşme,60096.6,87,100.0,1.0,3,1,0,0,1,1,1,3,0,0,1,1,1,1,1,0,1,0,1,0,0,0,0,0,1,1,0,1,0,Çeşme , Ilıca 
The Raga Side Hotel,17544.9,55,50.0,0.0,1,1,1,1,1,1,0,5,0,0,0,1,0,1,1,1,1,0,0,0,0,0,0,0,1,1,1,0,0,Antalya , Side-Manavgat 
Throne Beach Resort Spa,14805.0,80,100.0,0.0,2,1,1,1,1,1,0,3,1,0,1,1,0,1,1,1,1,0,0,1,0,0,1,0,1,1,1,1,1,Antalya , Manavgat 
Adrasan Beach Club Hotel,9450.0,120,100.0,0.0,1,0,0,1,1,0,0,1,1,0,0,1,0,0,0,0,0,0,1,0,1,0,1,1,0,0,0,1,1,Antalya , Adrasan 
Ag Hotels Antalya,11069.1,6,750.0,0.0,1,1,1,1,0,0,1,0,0,0,0,1,0,0,0,0,0,0,1,0,0,0,1,0,0,0,0,0,0,Antalya , Antalya Merkez-Muratpaşa 
Alexius Beach Hotel,9524.9,40,,0.0,0,0,1,1,1,0,0,2,0,0,0,0,0,1,0,1,1,1,1,1,0,0,0,0,1,1,1,1,1,Antalya , Kemer-Beldibi 
Ambrosia Hotel,22500.0,45,0.0,0.0,1,0,1,1,1,0,0,3,0,0,1,1,1,1,1,1,1,1,1,1,0,0,1,0,1,1,1,1,0,Bodrum , Bitez 
Marvida Hotel Akman Park,17784.0,55,0.0,1.0,1,0,1,1,1,0,0,1,1,0,0,0,1,1,1,0,1,0,1,1,0,0,1,0,1,1,0,1,1,Antalya , Kemer-Çamyuva 
Merve Sun Hotel,10005.8,65,300.0,0.0,1,1,1,1,1,1,1,1,1,0,1,1,1,1,1,0,1,1,1,1,0,0,1,0,1,1,1,1,1,Antalya , Side 
Motto Premium Hotel Spa,16944.0,90,,0.0,1,1,0,1,1,1,0,2,0,0,0,0,0,1,0,0,1,0,1,0,0,0,0,0,1,1,0,1,1,Marmaris , Siteler 
Nashira City Resort Hotel,20748.1,18,750.0,0.0,1,1,1,1,1,0,0,3,0,0,0,1,0,0,0,0,1,0,1,0,0,0,0,0,0,0,0,1,0,Antalya , Antalya Merkez 
Olbia Hotel,9491.4,20,,0.0,0,1,0,1,1,0,0,0,0,0,0,1,0,0,0,0,0,0,1,0,0,0,1,0,0,0,0,1,0,Antalya , Konyaaltı 
Optimum Luxury Hotel,19884.6,10,500.0,0.0,1,1,1,1,1,1,0,0,0,0,0,1,0,1,0,0,0,0,1,0,0,0,0,0,1,1,0,1,0,Antalya , Lara 
Palmea Hotel,9072.0,95,100.0,0.0,0,1,1,1,1,0,1,3,1,0,1,1,1,1,1,0,1,0,1,0,0,0,1,0,0,1,1,1,1,Marmaris , Armutalan 
Royal Atlantis Beach,19074.0,50,0.0,0.0,2,1,1,1,2,1,1,4,1,0,1,0,1,1,1,1,1,1,1,1,0,0,1,0,1,1,1,1,1,Antalya , Side-Çolaklı 
Celeste Bella Luxury Hotel Spa,16428.0,47,300.0,0.0,1,1,1,1,1,0,0,2,0,0,0,1,0,1,1,0,0,0,1,0,0,0,0,0,1,1,1,0,0,Bodrum , Ortakent-Yahşi-Ortakent 
Club Hotel Sidelya,18921.0,54,300.0,0.0,1,0,1,1,2,0,1,6,1,0,1,1,1,1,1,1,1,0,1,1,1,1,1,1,0,1,1,1,1,Antalya , Side 
Cooks Club Alanya +12 Adult Only,12329.3,0,,,0,0,0,0,0,0,0,0,0,0,0,0,0,0,0,0,0,0,0,0,0,0,0,0,0,0,0,0,0,Null,
Costa Farilya Special Class Hotel Bodrum,25920.0,48,0.0,1.0,1,0,1,1,1,0,0,1,0,0,0,1,0,1,0,0,1,0,1,0,0,0,1,0,1,1,1,1,0,Bodrum , Gündoğan 
Golden Lotus Hotel,16672.5,55,0.0,1.0,0,0,1,1,1,1,1,3,0,0,0,1,0,1,1,0,1,0,1,0,0,0,0,0,1,1,1,1,0,Antalya , Kemer-Merkez 
Green Garden Suites,35700.0,39,200.0,0.0,1,1,1,1,1,0,0,2,0,0,0,0,0,1,1,0,1,0,1,0,0,0,0,0,0,0,0,1,0,Antalya , Alanya-Obagöl 
İdaş Hotel +16,11768.4,0,,,0,0,0,0,0,0,0,0,0,0,0,0,0,0,0,0,0,0,0,0,0,0,0,0,0,0,0,0,0,Null,
İncekum Su Hotel,15091.2,95,0.0,0.0,0,1,1,1,1,1,0,3,0,0,1,0,1,1,1,0,1,1,1,1,0,0,1,0,1,1,1,1,1,Antalya , Alanya 
Sofa Kaleiçi,15667.2,0,,0.0,0,0,0,0,0,0,0,0,0,0,0,0,0,0,0,0,0,0,0,0,0,0,0,0,0,0,0,0,0,Antalya , Muratpaşa 
Sunny Hill Alya Hotel,11680.2,125,200.0,0.0,0,0,1,1,2,0,0,1,0,0,0,1,0,1,1,1,1,0,1,0,0,0,0,0,0,1,1,1,0,Antalya , Alanya 
The Beachfront Hotel,16875.0,90,0.0,0.0,1,1,1,1,1,0,0,1,0,0,0,0,1,1,1,0,1,1,1,0,0,0,1,0,1,1,0,0,0,Marmaris , Merkez 
Yalıhan Una Hotel,23814.0,65,0.0,0.0,2,1,1,1,1,0,1,3,0,0,1,1,1,1,1,1,1,0,0,1,1,0,1,0,0,1,1,1,1,Antalya , Alanya-İncekum 
Ambassador Plaza Hotel	,16088.2,0,,,0,0,0,0,0,0,0,0,0,0,0,0,0,0,0,0,0,0,0,0,0,0,0,0,0,0,0,0,0,Null,
Orfeus Park Hotel,17879.4,55,300.0,0.0,0,1,1,1,1,1,1,2,1,0,1,1,1,1,1,1,1,1,1,1,1,0,1,0,1,1,1,1,1,Antalya , Side-Çolaklı 
Orfeus Queen Spa,17997.0,55,300.0,0.0,0,1,1,1,1,1,0,1,0,0,1,1,0,1,0,1,1,1,1,0,0,0,1,1,1,1,1,1,1,Antalya , Side-Çolaklı 
Alkan Hotel,8640.0,96,100.0,0.0,1,1,1,1,1,0,0,1,0,0,0,0,0,0,1,0,0,0,1,0,0,0,1,0,0,0,0,1,0,Marmaris , Merkez 
Atrium Hotel Bodrum,10200.0,35,100.0,0.0,1,0,1,1,1,0,0,1,0,0,0,1,0,0,1,0,0,0,1,0,0,0,0,0,0,0,0,1,0,Bodrum , Bodrum Merkez 
Begonville Beach Hotel,26069.7,90,0.0,0.0,1,0,1,1,0,0,0,1,0,0,0,0,0,1,1,0,0,0,1,0,0,0,1,1,0,0,0,0,0,Marmaris , Siteler 
Begonville Hotel,7500.0,90,200.0,0.0,0,0,1,0,1,0,0,2,0,0,0,0,0,1,1,0,0,0,1,0,0,0,1,0,0,1,1,0,0,Marmaris , Siteler 
Britannia Hotel,9900.0,55,100.0,0.0,0,0,1,1,1,0,0,1,0,0,0,1,0,0,1,0,0,1,1,1,0,0,1,0,0,0,1,1,1,Antalya , Kemer-Merkez 
Side Sunberk Hotel,9720.0,65,200.0,0.0,0,0,1,1,1,0,0,1,0,0,0,1,0,1,1,1,0,0,1,1,0,1,1,1,1,1,1,1,0,Antalya , Side 
Alanya Beach Hotel,9000.0,130,,0.0,1,1,0,1,1,0,0,2,0,0,0,0,0,0,0,0,0,0,1,0,0,0,0,0,0,0,0,1,0,Antalya , Alanya 
Alanya Risus Park Hotel,10987.3,39,100.0,0.0,0,1,1,0,0,0,1,0,1,0,0,0,0,1,1,1,0,0,1,1,0,1,1,1,0,1,1,1,1,Antalya , Alanya 
Almena City Hotel,4415.0,94,100.0,0.0,1,1,0,0,1,0,0,0,0,0,0,0,0,0,1,0,0,0,1,0,0,0,1,0,0,1,0,0,0,Marmaris , Siteler 
Amossia Elite Otel,13980.9,0,,0.0,0,1,0,0,0,0,0,0,0,0,0,1,0,0,0,0,0,0,0,0,0,0,0,0,0,0,0,1,0,Marmaris , Turunç 
Aurasia Deluxe Hotel,6303.6,96,50.0,0.0,1,1,1,1,1,0,0,2,0,0,0,0,0,0,0,0,0,0,1,0,0,0,0,0,0,0,0,1,0,Marmaris , Siteler 
Ayhan Hotel Antalya,13623.6,10,750.0,0.0,0,1,0,0,0,0,0,1,0,0,0,1,1,0,0,0,0,0,1,0,0,0,1,0,0,0,0,0,0,Antalya , Antalya Merkez-Muratpaşa 
Belcan Hotel,4730.3,45,100.0,0.0,0,0,1,0,0,0,0,1,0,0,0,1,0,1,0,0,0,0,1,0,0,1,1,0,0,1,0,0,0,Antalya , Kemer 
Peramis Hotel Spa,10800.0,10,500.0,0.0,0,1,0,0,1,0,0,1,0,0,0,1,0,1,0,0,0,0,0,0,0,0,1,0,1,1,0,1,0,Antalya , Lara 
Prima Hotel Lara,7148.1,15,750.0,1.0,0,1,1,1,1,1,0,1,0,0,0,1,0,1,0,0,0,0,1,0,0,0,1,0,0,1,0,1,0,Antalya , Lara-Lara Yolu 
Reis Maris Hotel,4415.0,94,100.0,0.0,0,0,0,0,0,0,0,0,0,0,0,0,0,0,0,0,0,0,0,0,0,0,0,0,0,0,0,0,0,Marmaris , Merkez 
Relax Beach Hotel,11520.0,130,,0.0,1,0,0,0,1,0,0,0,1,0,1,1,0,1,1,0,0,0,1,1,0,0,1,0,0,0,0,1,0,Antalya , Alanya 
Sealine Suite Hotel,15598.4,120,300.0,0.0,1,0,1,1,2,0,0,2,1,0,1,0,0,0,0,0,0,1,1,0,0,0,1,0,0,1,1,0,0,Antalya , Alanya 
Suite Laguna Otel,24471.9,15,750.0,0.0,0,1,1,1,1,0,0,0,0,0,0,1,0,0,0,0,0,0,1,0,0,0,1,0,0,0,0,1,0,Antalya , Muratpaşa 
Sunpoint Hotel Bodrum,7383.5,38,200.0,0.0,0,0,1,1,1,0,0,1,0,0,0,1,1,1,1,0,0,0,1,1,0,0,1,0,0,1,0,1,0,Bodrum , Gümbet 
The Abc Hotel,44150.4,0,,0.0,0,0,0,0,0,0,0,0,0,0,0,0,0,0,0,0,0,0,0,0,0,0,0,0,0,0,0,0,0,Çeşme , Alaçatı 
Winecity Otel,7800.0,150,750.0,0.0,0,1,0,0,1,0,0,1,0,0,0,1,0,0,1,0,0,0,1,0,0,0,1,0,0,0,0,0,0,Antalya , Demre 
Zeynel Hotel,18732.2,21,,0.0,0,1,1,1,1,0,0,1,0,0,0,0,0,0,0,0,0,0,1,0,0,0,0,0,0,0,0,1,0,Antalya , Konyaaltı 
Atalla Otel,11880.0,8,750.0,0.0,0,1,0,1,0,0,0,1,0,0,0,0,0,1,0,0,0,0,0,0,0,0,0,0,0,1,0,0,0,Antalya , Muratpaşa 
Send Apart Hotel,18721.2,19,500.0,0.0,0,0,1,1,0,0,1,1,0,0,0,0,0,0,0,0,0,0,1,0,0,0,1,0,0,0,0,0,0,Antalya , Konyaaltı 
Asfiya Loft Apartments,11937.6,125,300.0,0.0,0,0,0,0,1,0,0,0,0,0,0,0,0,1,0,0,0,0,0,0,0,0,0,0,1,1,0,0,0,Antalya , Kalkan 
Bahçe Apart,19764.7,165,750.0,0.0,0,0,0,0,0,0,0,0,0,0,0,1,0,0,0,0,0,0,1,0,0,0,0,0,0,0,0,0,0,Antalya , Kaş 
Bella Rose Apart Hotel,9469.9,35,400.0,0.0,0,1,0,1,1,0,0,1,0,0,0,1,0,0,0,0,0,0,1,0,0,0,0,0,0,0,1,1,0,Antalya , Alanya 
Berraksu Hotel,15520.5,0,,0.0,0,1,0,0,0,0,0,0,0,0,0,1,0,0,0,0,0,0,1,0,0,0,0,0,0,0,0,0,0,Antalya , Antalya Merkez 
Erya Homes,6000.0,0,,0.0,0,0,0,0,0,0,0,0,0,0,0,0,0,0,0,0,0,0,0,0,0,0,0,0,0,0,0,0,0,Antalya , Konyaaltı 
Göncü Apart Otel,7800.0,95,100.0,0.0,0,0,1,0,0,0,0,0,0,0,0,0,0,0,0,0,0,0,1,0,0,0,1,0,0,0,0,0,0,Marmaris , Merkez 
Gündüzler Deluxe Hotel,7200.0,17,,0.0,0,1,0,0,0,0,0,0,0,0,1,0,0,0,0,0,0,0,1,0,0,0,1,0,0,0,0,0,0,Antalya , Kepez 
Hayal Fener,8409.6,8,500.0,0.0,0,1,0,0,0,0,0,0,0,0,0,1,0,0,0,0,0,0,0,0,0,0,0,0,0,0,0,0,0,Antalya , Muratpaşa 
Hayal Residence Apart Hotel,10512.0,15,50.0,0.0,0,0,0,1,0,0,0,0,0,0,0,1,0,0,0,0,0,0,1,0,0,0,0,0,0,0,0,0,0,Antalya , Lara 
Heredot`s House,13411.7,115,750.0,0.0,0,0,1,0,2,0,0,1,0,0,0,1,0,0,0,0,0,0,1,0,0,0,1,0,0,0,0,0,0,Antalya , Finike 
House Of Marmaris,19437.5,95,400.0,0.0,0,0,0,0,0,0,0,0,0,0,0,1,1,0,0,0,1,0,1,0,0,0,1,0,0,0,0,0,0,Marmaris , Siteler 
Kemer Residence,29442.4,41,100.0,0.0,0,0,0,0,1,0,0,0,0,0,0,0,0,0,0,0,0,0,1,0,0,0,1,0,0,0,0,1,0,Antalya , Kemer 
Halikarnas Pansiyon,6000.0,35,100.0,0.0,0,0,1,0,0,0,0,0,0,0,1,1,1,0,0,0,0,0,1,0,0,0,1,0,0,0,0,0,1,Bodrum , Bodrum Merkez 
Kemer Pansiyon,4660.8,4,750.0,0.0,0,0,1,0,0,0,0,0,0,0,0,0,0,0,0,0,0,0,1,0,0,0,0,0,0,0,0,0,0,Antalya , Kemer 
Khans Bb Hotel,10800.0,25,300.0,0.0,0,1,1,0,0,0,0,1,0,0,0,0,0,0,0,0,0,0,0,0,0,0,0,0,0,0,0,0,0,Antalya , Konyaaltı 
Merhaba Pansiyon,6000.0,35,100.0,0.0,0,0,0,0,0,0,0,0,0,0,0,0,0,0,0,0,0,0,1,0,0,0,0,0,0,0,0,0,0,Bodrum , Bodrum Merkez 
Tuthaliya Boutique Hotel,6000.0,114,750.0,0.0,1,0,0,0,0,0,0,0,0,0,0,1,1,0,0,0,0,0,1,0,0,0,1,0,0,0,0,0,0,Antalya , Kalkan 
Kaş Olympos Mocamp,14716.8,202,,0.0,0,0,0,0,0,0,0,0,0,0,0,0,0,0,0,0,0,0,0,0,0,0,0,0,0,0,0,0,0,Antalya , Kaş 
Yalıyanı Motel Restaurant,9600.0,45,100.0,0.0,1,0,1,0,0,0,0,1,0,0,0,1,1,0,0,0,0,0,1,0,0,0,1,0,0,0,0,0,0,Bodrum , Yalıçiftlik 
Adrasan Lykia Edrassa Hotel,10350.0,110,,1.0,1,0,1,1,0,0,0,1,0,0,0,1,0,0,0,0,0,0,1,0,0,1,1,0,0,0,1,0,1,Antalya , Adrasan 
Lara Park Hotel,12806.1,10,200.0,0.0,0,1,0,0,1,0,0,1,0,0,0,0,0,0,0,0,0,0,1,0,0,0,0,0,0,0,0,0,0,Antalya , Lara-Örnekköy 
Laren Family Hotel Spa,17491.8,6,750.0,0.0,0,0,0,0,0,0,0,0,0,0,1,0,0,1,0,0,1,1,0,0,0,0,0,0,1,1,1,0,1,Antalya , Lara 
Leaf Port Hotel,13867.2,30,300.0,0.0,1,1,1,1,1,0,1,1,0,0,0,1,0,0,1,0,0,0,1,0,0,0,1,0,0,0,0,1,0,Antalya , Konyaaltı 
Life Point Boutique Hotel,13500.0,0,0.0,1.0,1,0,1,1,1,0,0,1,0,0,1,1,0,0,1,0,0,0,1,0,0,0,0,0,0,0,0,0,0,Çeşme , Çiftlikköy 
Likya Adrasan Otel,9306.0,110,300.0,0.0,0,0,1,1,0,0,0,0,0,0,0,1,0,0,0,1,0,0,1,0,0,1,0,1,0,0,0,0,0,Antalya , Adrasan 
Lvzz Hotel Residencess Spa,18000.0,36,750.0,0.0,1,1,1,1,1,0,0,1,0,0,0,1,0,0,0,0,0,0,1,0,0,0,1,0,0,0,0,0,0,Bodrum , Bodrum Merkez 
Maison Green Hill,15000.0,74,,0.0,1,0,0,0,0,0,0,0,0,0,0,1,0,0,0,0,0,0,1,0,0,0,0,0,0,0,0,0,1,Antalya , Manavgat 
Martı Hemithea Hotel,54268.1,115,0.0,1.0,1,0,1,1,1,0,0,1,0,0,1,1,1,1,1,0,0,0,1,0,1,0,1,1,1,1,0,0,0,Marmaris , Hisarönü 
Mediterra Art Hotel,16414.4,16,750.0,0.0,1,0,1,1,1,0,0,1,0,0,0,1,1,1,1,0,0,0,1,0,0,0,1,0,0,0,0,0,0,Antalya , Kaleiçi 
Meis Exclusive Hotel,36900.0,165,0.0,1.0,1,1,1,1,1,0,0,1,0,0,0,1,0,0,0,0,1,0,1,0,0,1,1,0,0,0,0,0,0,Antalya , Kaş-Çukurbağ Yarımadası 
Mielo Lara Hotel,10371.2,6,200.0,0.0,0,1,1,0,0,0,0,1,0,0,0,1,0,0,0,0,0,0,1,0,0,0,1,0,0,0,0,0,0,Antalya , Lara 
Moda Beach Boutique Hotel,6069.0,90,50.0,0.0,0,1,1,1,1,0,0,1,0,0,0,0,0,0,0,0,0,0,0,0,0,0,0,0,0,0,0,1,0,Marmaris , Merkez 
Elegance East Hotel,26498.1,15,300.0,0.0,0,0,1,1,1,0,0,0,0,0,0,1,0,0,0,0,0,0,0,0,0,0,1,0,0,0,0,0,0,Antalya , Muratpaşa 
Kemerlihan Deluxe Hotel,37800.0,110,750.0,0.0,1,0,1,1,1,0,0,1,0,0,0,1,0,0,1,0,0,0,1,0,1,0,1,0,0,0,0,0,1,Çeşme , Alaçatı 
Kimera Lounge Hotel Çıralı,37843.2,100,100.0,0.0,1,0,1,1,1,0,0,1,0,0,0,1,0,1,0,0,0,0,1,0,0,0,1,0,1,1,0,1,1,Antalya , Çıralı 
Lucky Angel Otel,13315.2,84,750.0,0.0,0,0,0,0,1,0,0,0,0,0,0,0,0,0,0,0,0,0,1,0,0,0,0,0,0,0,0,0,0,Çeşme , Alaçatı 
Melissa Moment Apart,9672.6,45,400.0,0.0,0,0,1,1,1,0,0,1,0,0,0,0,0,0,0,0,0,0,1,0,0,0,0,0,0,0,0,1,0,Antalya , Kemer 
Tema 242 Hotel,13096.1,16,,0.0,0,1,1,1,1,0,1,1,0,0,0,1,0,0,0,0,0,0,1,0,0,0,1,0,0,0,0,1,0,Antalya , Lara 
Veltur Turiya Hotel Spa,15925.6,80,,1.0,1,1,1,0,1,1,0,1,0,0,0,1,0,1,1,0,1,0,0,0,0,0,1,0,1,1,0,1,1,Bodrum , Turgutreis 
3 House Apart,7020.0,0,,0.0,0,0,1,0,0,0,0,0,0,0,0,1,0,0,0,0,0,0,1,0,0,0,0,0,0,0,0,0,0,Antalya , Kaş 
Bloomtalya Hotel,12676.8,15,750.0,0.0,0,0,0,0,0,0,0,0,0,0,0,0,0,0,0,0,0,0,0,0,0,0,0,0,0,0,0,0,0,Antalya , Muratpaşa 
Blue Time Boutique Hotel,18000.0,0,,0.0,0,0,1,0,0,0,0,0,0,0,0,0,0,0,0,0,0,0,0,0,0,0,0,0,0,0,0,0,0,Marmaris , Selimiye 
Bodrum Marma Otel,6120.0,40,750.0,0.0,0,0,0,0,1,0,0,0,0,0,0,1,0,0,0,0,0,0,1,0,0,0,0,0,0,0,0,0,0,Bodrum , Bodrum Merkez 
Bodrum Oscar Hotel,21113.2,30,500.0,0.0,0,0,1,0,1,0,0,1,0,0,0,1,0,0,1,0,0,0,1,0,0,0,0,0,0,0,0,0,0,Bodrum , Torba 
Bu Bungalow Hotel,13500.0,150,750.0,0.0,0,0,0,0,0,0,0,0,0,0,0,1,0,0,0,0,0,0,1,0,0,0,1,0,0,0,0,1,0,Antalya , Demre 
Caresse A Luxury Collection Resort Spa,58120.2,35,0.0,1.0,1,1,1,1,1,1,0,1,0,0,1,1,1,1,1,0,1,0,1,0,0,0,1,0,0,1,0,0,0,Bodrum , Gümbet 
Casa Bi Otel,65880.0,200,0.0,1.0,0,0,0,0,0,0,0,0,0,0,0,0,0,0,0,0,0,0,1,0,0,0,0,0,0,0,0,0,0,Antalya , Kaş 
Char Me Hotel,24570.0,15,100.0,0.0,0,0,0,1,1,0,0,0,0,0,0,0,0,0,0,0,0,0,1,0,0,0,1,0,0,0,0,0,0,Antalya , Muratpaşa 
Hera Hotels Alaçatı,9600.0,86,750.0,0.0,0,0,0,0,1,0,0,0,0,0,0,0,0,0,0,0,0,0,1,0,0,0,0,0,0,0,0,0,0,Çeşme , Alaçatı 
Hill House (Adult Only),15768.0,0,,,0,0,0,0,0,0,0,0,0,0,0,0,0,0,0,0,0,0,0,0,0,0,0,0,0,0,0,0,0,Null,
Hillcity Hotel Kaş,20011.3,150,,0.0,0,0,1,1,1,0,0,0,0,0,0,1,0,0,0,0,0,0,1,0,0,0,0,0,0,1,0,0,0,Antalya , Kaş 
Hotel 1207 Special Class,15414.0,14,400.0,0.0,0,0,1,1,1,0,0,1,0,0,0,1,0,0,0,0,0,0,0,0,0,0,0,0,0,0,0,0,0,Antalya , Kaleiçi 
Hotel Pier Bodrum,12372.0,32,750.0,0.0,0,0,0,1,1,0,0,0,0,0,0,1,0,0,0,0,0,0,1,0,0,0,0,0,0,0,0,0,0,Bodrum , Bodrum Merkez 
İlios Butik Hotel,21780.0,0,,0.0,0,0,0,0,0,0,0,0,0,0,0,0,0,0,0,0,0,0,0,0,0,0,0,0,0,0,0,0,0,Marmaris , Bozburun 
İnci Mira Hotel,11510.6,20,200.0,0.0,0,1,0,0,1,0,0,0,0,0,0,0,0,0,0,0,0,0,1,0,0,0,0,0,0,0,0,1,0,Antalya , Konyaaltı 
İsnova Hotel,11673.6,5,,0.0,1,1,0,1,0,0,1,1,0,0,0,1,0,0,0,0,0,0,1,0,0,0,0,0,0,0,0,0,0,Antalya , Kepez 
Joya Del Mar Hotel,39000.0,95,0.0,1.0,1,0,0,0,0,0,0,0,0,0,0,1,0,0,0,0,0,0,1,0,0,0,0,0,0,0,0,0,0,Marmaris , Yalancı Boğaz 
Just Dream Suite,9000.0,0,600.0,0.0,0,0,0,0,0,0,0,0,0,0,0,1,0,0,0,0,0,0,1,0,0,0,0,0,0,0,0,0,0,Antalya , Kaş 
Kalamar Hotel,14986.0,130,100.0,0.0,1,0,1,1,2,0,0,1,0,0,0,1,0,0,0,0,0,0,1,0,0,0,0,0,0,0,0,0,0,Antalya , Kalkan-Kalamar Koyu 
Kaliptus Hotel,5400.0,65,400.0,0.0,1,0,1,1,1,0,0,1,0,0,0,1,0,1,0,0,0,0,1,0,0,0,0,0,0,1,0,0,0,Antalya , Kemer-Merkez 
Lulja Alaçatı,15000.0,85,,0.0,1,0,1,1,0,0,0,1,0,0,0,1,0,0,0,0,0,0,1,0,0,0,0,0,0,0,0,0,0,Çeşme , Alaçatı 
Mare Deluxe Residence,35951.0,0,,0.0,1,1,1,1,1,0,0,0,0,0,0,1,0,1,0,0,0,0,1,0,0,0,0,0,1,0,0,0,0,Bodrum , Gündoğan-Küçükbük 
Mare Marin Hotel Bodrum,24000.0,55,100.0,0.0,0,0,0,0,0,0,0,0,0,0,0,0,0,0,0,0,0,0,0,0,0,0,0,0,0,0,0,0,0,Bodrum , Turgutreis 
Marin A Hotel,10200.0,55,100.0,0.0,1,0,1,1,1,0,0,1,0,0,0,1,0,1,0,0,0,0,1,0,0,0,1,0,1,1,0,1,0,Bodrum , Turgutreis 
Marina Loft,16800.0,90,600.0,0.0,1,0,1,0,0,0,0,1,0,0,0,1,0,0,0,0,0,0,1,0,0,0,0,0,0,0,0,0,1,Antalya , Çıralı 
Mea Reisdere Otel,10500.0,80,750.0,0.0,0,0,1,0,1,0,0,0,0,0,0,1,0,0,0,0,0,0,1,0,0,0,0,0,0,0,0,0,0,Çeşme , Reisdere 
Mene Suites,14716.8,17,,0.0,0,0,1,1,1,0,0,1,0,0,0,1,0,0,0,0,0,0,0,0,0,0,1,0,0,0,0,1,0,Antalya , Konyaaltı 
Mes Mudita Boutique Hotel,10800.0,80,750.0,0.0,0,0,1,0,1,0,0,1,0,0,0,1,0,0,0,0,0,0,1,0,0,0,0,0,0,0,0,0,0,Çeşme , Çeşme Merkez 
Ruinadalia Hotel,31237.4,15,600.0,0.0,1,0,1,1,1,0,1,1,0,0,0,0,0,0,0,0,0,0,1,0,0,0,1,0,0,0,0,0,0,Antalya , Kaleiçi 
Sea View Otel,20520.0,160,0.0,0.0,1,0,1,1,0,0,0,2,0,0,0,1,0,0,1,0,0,0,1,0,0,0,1,1,0,0,0,0,0,Antalya , Kaş-Küçükçakıl Mevkii 
Side Erenler Hotel,13500.0,60,100.0,0.0,1,0,1,0,0,0,0,1,0,0,0,1,0,0,0,0,0,0,1,0,0,0,1,0,1,0,0,0,0,Antalya , Side 
Side Güneş Pansiyon,7830.0,0,,0.0,0,0,0,0,0,0,0,0,0,0,0,0,0,0,0,0,0,0,0,0,0,0,0,0,0,0,0,0,0,Antalya , Manavgat 
Hotel Villa Turka Alanya,14716.8,35,100.0,0.0,0,0,1,0,1,0,0,1,0,0,0,1,0,0,0,0,0,0,1,0,0,0,1,0,0,1,1,0,0,Antalya , Alanya 
Adrasan Eliz Apart Bungalow,21000.0,105,600.0,0.0,0,0,0,0,0,0,0,0,0,0,0,1,0,0,0,0,0,1,1,0,0,0,1,0,0,0,0,0,0,Antalya , Adrasan 
Afflon Hotels Loft City,15141.7,12,600.0,0.0,1,1,0,1,0,0,0,1,0,0,0,1,0,0,1,0,0,0,0,0,0,0,1,0,0,0,0,0,0,Antalya , Antalya Merkez-Muratpaşa 
Alasonya Otel Alaçatı By Lamira,10200.0,97,,0.0,0,0,1,1,0,0,0,1,0,0,0,1,1,0,0,0,0,0,1,0,0,0,0,0,0,0,0,0,0,Çeşme , Alaçatı 
Alp Paşa Konağı,27594.1,15,750.0,0.0,3,0,1,1,2,0,0,2,0,0,0,1,0,0,1,0,0,0,1,0,0,0,1,0,0,1,0,0,0,Antalya , Kaleiçi 
Anelli Hotel,10515.0,15,750.0,0.0,0,0,1,1,0,0,0,0,0,0,0,1,0,0,0,0,0,0,1,0,0,0,0,0,0,0,0,0,0,Antalya , Antalya Merkez-Kepez 
Antalya Madi Hotel,5100.0,12,750.0,0.0,0,1,0,0,1,0,0,1,0,0,0,0,1,0,0,0,0,0,0,0,0,0,0,0,0,0,0,1,0,Antalya , Muratpaşa 
B Business Hotel Spa,21000.0,16,,0.0,0,1,0,0,0,0,1,1,0,1,0,1,0,1,0,0,0,0,1,0,0,0,1,0,1,1,0,0,0,Antalya , Kepez 
Delfi Hotel Spa Wellness,17640.0,35,100.0,0.0,0,0,1,1,1,0,0,1,1,0,0,1,0,1,0,0,1,0,1,0,0,0,1,0,1,1,1,1,1,Bodrum , Bodrum Merkez 
Derin Ma Sorgun,14533.2,72,750.0,0.0,0,0,1,1,0,0,0,0,0,0,0,1,0,0,0,0,0,0,1,0,0,0,0,0,0,0,0,0,0,Antalya , Side-Manavgat 
Dosi Hotel,9000.0,65,600.0,0.0,0,1,1,1,2,0,1,2,1,0,1,1,1,1,1,0,1,0,1,1,0,0,1,0,0,1,1,1,1,Antalya , Side-Kumköy 
Güvenpark Residence Hotel,44479.3,80,750.0,0.0,1,0,1,0,1,0,0,0,0,0,0,1,0,0,0,0,0,0,1,0,0,0,0,0,0,0,0,0,0,Antalya , Kemer-Tekirova 
Woo Town Suites,6797.7,13,300.0,0.0,1,0,1,1,1,0,0,1,0,0,0,0,0,1,0,0,0,0,1,0,0,0,1,0,1,1,0,0,0,Antalya , Kaleiçi 
Alaçatı Private Otel,6630.0,90,750.0,0.0,0,0,0,0,0,0,0,0,0,0,0,1,0,0,0,0,0,0,1,0,0,0,1,0,0,0,0,0,0,Çeşme , Alaçatı 
Jasmin Elite Residence Spa,21032.3,36,50.0,0.0,0,0,1,1,1,1,0,1,0,0,0,1,0,1,0,0,1,0,1,0,0,0,0,0,1,1,0,0,0,Bodrum , Gümbet 
L`olive Homes Marmaris,20183.0,95,50.0,0.0,0,0,0,0,0,0,0,0,0,0,0,1,1,0,1,0,0,0,1,0,0,0,1,0,0,0,0,0,0,Marmaris , Siteler 
Ring Beach Hotel,13813.8,35,0.0,0.0,1,0,1,0,1,1,0,0,0,0,0,1,0,1,1,0,0,0,0,1,0,0,0,0,1,1,0,1,1,Antalya , Kemer-Beldibi 
Zena Hotel Bodrum,9600.0,15,0.0,0.0,1,0,1,1,0,0,0,1,0,0,0,1,0,0,0,0,0,0,1,0,0,0,1,0,0,0,0,0,0,Bodrum , Güvercinlik 
1882 Alaçatı,26280.0,0,,0.0,0,0,1,1,1,0,0,0,0,0,0,0,0,0,0,0,0,0,1,0,0,0,0,0,0,0,0,0,0,Çeşme , Alaçatı 
777 Alaçatı,36000.0,76,,0.0,0,0,1,0,1,0,0,1,0,0,0,1,0,0,0,0,0,0,1,0,0,0,1,0,0,0,0,0,0,Çeşme , Alaçatı 
Adacan Alaçatı,13805.2,85,,0.0,0,0,1,1,1,0,0,0,0,0,0,1,0,0,0,0,0,0,1,0,0,0,0,0,0,0,0,0,0,Çeşme , Alaçatı 
Ahsen Hotel,13500.0,8,750.0,0.0,0,1,0,1,0,0,0,0,0,0,0,1,0,0,0,0,0,0,1,0,0,0,0,0,0,0,0,0,1,Antalya , Antalya Merkez 
Alaçatı Cadde 75 Luxury +18 Adult,36000.0,0,,,0,0,0,0,0,0,0,0,0,0,0,0,0,0,0,0,0,0,0,0,0,0,0,0,0,0,0,0,0,Null,
Alaçatı Otel Rebetiko,10500.0,85,750.0,0.0,0,0,0,0,0,0,0,0,0,0,0,1,0,0,0,0,0,0,1,0,0,0,1,0,0,0,0,0,0,Çeşme , Alaçatı 
İnnvista Belek Antalya,16320.0,25,750.0,0.0,3,1,1,1,0,1,0,3,1,0,1,1,1,1,1,0,1,1,1,1,0,0,1,0,1,1,1,1,1,Antalya , Belek 
Justiniano Park Conti Club,24675.8,90,,1.0,3,1,0,1,2,1,0,5,1,0,1,0,1,1,1,1,1,1,1,1,0,0,1,0,1,1,1,1,0,Antalya , Alanya-Okurcalar 
Kahya Resort Aqua Spa,16198.6,110,,0.0,2,1,1,1,1,0,1,6,1,0,1,1,1,1,1,0,1,1,1,1,0,0,1,0,1,1,1,1,1,Antalya , Alanya-Konaklı 
Kirman Arycanda De Luxe,23625.0,90,0.0,0.0,4,1,1,1,2,1,1,5,1,0,1,1,0,1,1,1,1,0,1,1,0,0,1,0,1,1,1,1,1,Antalya , Alanya-Okurcalar 
Royal Alhambra Palace,35100.0,40,200.0,0.0,8,1,1,1,2,1,0,7,1,0,1,1,0,1,1,1,1,1,1,1,0,0,1,0,1,1,1,1,1,Antalya , Side-Çolaklı 
Royal Dragon Side,32400.0,48,,0.0,4,1,1,1,3,1,0,10,1,0,0,1,0,1,1,1,1,1,1,1,0,0,1,0,1,1,1,1,1,Antalya , Side-Evrenseki 
Royal Taj Mahal,29503.5,48,,1.0,3,1,1,1,4,1,1,8,1,0,0,1,0,1,1,1,1,1,1,1,0,0,1,0,1,1,1,1,1,Antalya , Side 
Rubi Platinum Spa Resort Suites,34037.2,105,0.0,1.0,2,1,1,1,1,1,0,4,1,0,0,1,0,1,0,1,0,1,1,1,0,0,1,0,1,1,1,1,1,Antalya , Alanya-Avsallar 
Salmakis Resort Spa,24795.0,35,0.0,1.0,1,1,1,1,1,1,1,4,0,1,1,1,1,1,1,1,1,0,1,1,0,0,1,0,1,1,1,1,1,Bodrum , Bardakçı 
Seaden Sea World Resort,18144.0,70,0.0,1.0,1,1,1,1,3,1,1,6,1,0,1,1,1,1,1,1,1,0,1,1,0,0,1,0,1,1,1,1,1,Antalya , Side-Kızılağaç 
Sealife Buket Beach Hotel,20126.4,92,0.0,0.0,2,1,1,1,1,1,1,5,1,0,1,1,1,1,1,1,1,1,1,1,0,0,1,0,1,1,1,1,1,Antalya , Alanya-Okurcalar 
Seher Resort Spa,16380.0,55,0.0,0.0,2,1,1,1,1,1,1,4,1,0,1,0,1,1,1,1,1,1,1,1,0,0,1,0,1,1,0,1,0,Antalya , Side 
Hedef Resort Hotel Spa,10822.5,110,100.0,1.0,3,1,1,1,2,1,1,3,1,0,1,0,0,1,1,1,0,0,1,1,0,0,1,0,1,1,1,1,1,Antalya , Alanya-Konaklı 
Mary Palace Hotel Spa,24412.5,60,400.0,0.0,2,1,2,1,1,1,1,1,1,0,0,1,1,1,1,0,1,0,1,1,0,0,1,0,1,1,0,1,1,Antalya , Side 
Seven Seas Hotel Blue,23400.0,70,0.0,0.0,3,1,1,1,4,0,1,8,1,0,1,0,1,1,1,1,1,1,1,1,1,0,1,1,1,1,1,1,1,Antalya , Side-Titreyengöl 
Side Royal Palace Hotel Spa,18514.0,58,200.0,0.0,3,0,1,1,1,1,0,1,1,0,1,0,0,1,1,1,1,1,1,1,0,0,0,0,1,1,1,1,0,Antalya , Side-Evrenseki 
Sorgun Akadia Hotel Luxury Resort Adult Only+16,25327.6,0,,,0,0,0,0,0,0,0,0,0,0,0,0,0,0,0,0,0,0,0,0,0,0,0,0,0,0,0,0,0,Null,
Trendy Aspendos Beach,32400.0,55,0.0,0.0,4,1,1,1,1,1,1,5,1,0,1,1,1,1,1,1,1,1,1,1,0,0,1,0,1,1,1,1,1,Antalya , Side-Gündoğdu 
Hedef Kleopatra Hotel,9517.5,110,100.0,0.0,0,0,1,1,1,0,1,1,0,0,1,0,0,1,1,1,0,0,1,1,1,1,1,1,1,1,1,1,1,Antalya , Alanya 
Justiniano Club Alanya,22325.7,90,0.0,0.0,2,0,1,1,2,1,0,4,1,0,1,0,1,1,1,1,1,1,1,1,1,0,1,0,1,1,0,1,1,Antalya , Alanya-Okurcalar 
Larissa Sultans Beach Hotel,16200.0,65,50.0,0.0,1,1,1,1,1,1,1,1,0,0,1,1,1,1,1,1,0,1,1,1,0,0,1,0,0,1,0,1,1,Antalya , Kemer-Çamyuva 
Mysea Hotels İncekum,9450.0,100,0.0,0.0,0,1,1,1,1,1,1,2,1,0,1,1,0,1,1,1,1,1,1,1,0,0,0,0,0,1,1,1,1,Antalya , Alanya-Türkler 
Otel Zeytinada,15687.0,30,300.0,1.0,0,0,1,1,2,0,0,1,0,0,0,1,1,1,1,0,1,0,1,0,0,0,1,0,0,1,1,1,1,Bodrum , Torba 
Pırıl Hotel Thermal Beauty Spa,22500.0,80,,1.0,0,1,1,1,2,1,1,4,0,1,1,1,0,1,1,0,1,0,1,0,0,0,1,0,1,1,1,1,1,Çeşme , Çeşme Merkez 
Pineta Park Deluxe Hotel,20520.0,90,300.0,0.0,1,1,0,1,2,1,1,3,0,0,1,0,1,1,1,0,1,0,0,1,0,0,0,0,0,1,1,1,1,Marmaris , Merkez 
Sayanora Hotel,9801.0,65,50.0,0.0,0,0,1,1,1,0,0,1,0,0,0,0,0,1,1,0,0,0,1,0,0,0,1,0,0,1,0,1,1,Antalya , Side-Denizbükü 
Seaden Corolla Hotel Side,14256.0,64,300.0,0.0,2,1,1,1,3,1,1,6,1,0,1,1,1,1,1,1,1,1,1,1,0,0,1,0,1,1,1,1,1,Antalya , Side-Kumköy 
Taç Premier Hotel Spa,11297.5,120,,0.0,0,1,0,1,1,1,0,1,0,0,1,0,1,1,1,1,1,0,1,1,0,1,1,1,1,1,1,1,1,Antalya , Alanya 
Tu Casa Gelidonya Hotel,13708.8,58,200.0,0.0,0,0,1,1,2,1,0,4,0,0,1,0,0,1,1,0,0,1,1,1,0,0,1,0,1,1,1,1,1,Antalya , Kemer-Merkez 
Avena Resort Spa Hotel,13851.0,125,100.0,0.0,1,1,1,1,1,0,1,3,1,0,1,0,1,1,1,1,1,0,1,1,0,0,1,0,1,1,1,1,1,Antalya , Alanya-Obagöl 
Blue Wave Suite Hotel,12144.0,125,400.0,0.0,0,1,1,1,2,0,1,4,1,0,0,0,0,1,0,1,1,0,1,1,0,1,1,0,1,1,1,1,1,Antalya , Alanya-Obagöl 
Eldar Resort Hotel,11700.0,48,300.0,0.0,0,1,1,1,1,1,1,1,1,0,0,1,1,1,1,0,1,1,1,1,1,1,1,1,1,1,1,1,1,Antalya , Kemer-Göynük 
Gardenia Beach Hotel,13433.4,96,0.0,0.0,1,1,1,1,3,0,0,1,1,0,0,1,1,1,1,1,1,1,1,1,0,1,1,0,0,1,1,1,0,Antalya , Alanya 
Grand Miramor Hotel,13005.0,60,200.0,0.0,1,1,1,1,2,1,1,6,1,0,0,1,0,1,1,1,0,1,1,1,0,0,1,0,1,1,1,1,1,Antalya , Kemer-Kiriş 
Hotella Resort Spa,15062.8,29,,0.0,1,1,0,0,0,0,0,0,1,0,1,0,1,1,1,0,1,1,0,1,0,1,0,0,1,1,0,1,1,Antalya , Belek 
Larissa Inn Hotel,14400.0,55,,0.0,0,0,1,1,1,0,0,0,1,0,0,1,0,1,1,1,0,0,1,1,0,0,0,0,0,1,1,1,0,Antalya , Kemer-Çamyuva 
Romance Beach Hotel,9000.0,95,,0.0,0,1,1,1,1,0,0,1,0,0,0,1,0,1,1,0,1,1,1,0,0,0,0,0,0,1,0,1,0,Marmaris , Siteler 
Acropol Of Bodrum Beach Hotel,11700.0,50,0.0,0.0,1,1,1,1,0,0,0,1,0,0,0,0,0,0,0,0,0,0,1,0,0,0,1,0,0,0,0,0,0,Bodrum , Ortakent-Yahşi-Ortakent 
Alaçatı Barbarossa Hotel,20250.0,0,750.0,0.0,0,0,1,0,1,0,0,0,0,0,0,0,0,0,0,0,0,0,0,0,0,0,0,0,0,0,0,0,0,Çeşme , Alaçatı 
Artemis Hotel Kaş,13200.0,147,750.0,0.0,1,1,0,1,1,0,0,1,0,0,0,1,0,0,0,0,0,0,1,0,0,0,1,0,0,0,0,0,0,Antalya , Kaş 
Casa Nonna Bodrum,64235.1,35,0.0,1.0,1,1,1,1,1,0,1,2,0,0,0,1,0,1,1,0,1,0,1,0,0,0,1,0,1,1,0,0,0,Bodrum , İçmeler 
Club Hotel Barbarossa Kaş,24225.0,92,0.0,1.0,1,1,1,1,2,0,1,3,0,0,0,1,0,0,1,0,0,1,1,0,0,1,1,1,0,1,1,1,0,Antalya , Kaş-Çukurbağ Yarımadası 
Ege Tulip Çeşme Deluxe Hotel,11700.0,80,750.0,0.0,1,1,1,1,1,0,0,1,0,0,0,0,0,0,0,0,0,0,1,0,0,0,1,0,0,0,0,1,1,Çeşme , Çeşme Merkez 
Provence Mansion Alaçatı,7194.0,90,,0.0,0,0,1,1,1,0,0,2,0,0,0,0,0,0,0,0,0,0,1,0,0,0,0,0,0,0,0,0,0,Çeşme , Alaçatı 
Saylam Suites,18003.6,154,750.0,0.0,0,0,0,0,0,0,0,1,0,0,0,1,0,0,0,0,0,0,0,0,0,0,0,0,0,0,0,0,0,Antalya , Kaş 
Adora Calma Beach,21937.5,82,0.0,0.0,0,0,1,0,0,0,0,0,0,0,0,0,0,0,0,0,0,0,0,0,0,0,0,0,0,0,0,0,0,Antalya , Manavgat 
Alaçatı Aura Plus Otel,13200.0,85,750.0,0.0,0,0,0,0,0,0,0,1,0,0,0,1,0,0,0,0,0,0,1,0,0,0,1,0,0,0,0,0,0,Çeşme , Alaçatı 
Alaçatı Bellezza Hotel,12600.0,85,750.0,0.0,1,0,1,0,1,0,0,1,0,0,0,1,0,0,0,0,0,0,1,0,0,0,1,0,0,0,0,0,0,Çeşme , Alaçatı 
Cumbalıca Garden Hotel,23500.0,0,,0.0,1,0,0,0,0,0,0,0,0,0,0,0,0,0,0,0,0,0,0,0,0,0,0,0,0,0,0,0,0,Çeşme , Ilıca 
Mekvin Hotels Deniz Feneri Lighthouse +12 Adults Only,22471.2,0,,,0,0,0,0,0,0,0,0,0,0,0,0,0,0,0,0,0,0,0,0,0,0,0,0,0,0,0,0,0,Null,
Muup Alaçatı,24840.0,0,,0.0,0,0,0,0,1,0,0,0,0,0,0,1,0,0,0,0,0,0,1,0,0,0,0,0,0,0,0,0,0,Çeşme , Alaçatı 
Cappari Aqua Princess Hotel,20971.3,160,0.0,0.0,1,0,1,1,1,0,0,2,0,0,0,0,0,0,0,0,0,0,1,0,0,0,1,1,0,0,0,0,0,Antalya , Kaş-Küçükçakıl Mevkii 
La Kumsal Hotel +12,33568.6,0,,,0,0,0,0,0,0,0,0,0,0,0,0,0,0,0,0,0,0,0,0,0,0,0,0,0,0,0,0,0,Null,
Roseira Beach Resort,14442.7,8,200.0,1.0,0,0,0,0,0,1,0,0,1,0,1,1,1,1,1,0,1,0,0,1,1,1,1,1,0,1,1,0,1,Bodrum , Güllük 
Mgallery The Bodrum Hotel Yalıkavak,1756715.2,53,0.0,1.0,2,1,1,1,1,1,1,3,0,0,0,1,0,1,0,0,0,0,1,0,0,0,1,0,1,1,0,1,0,Bodrum , Yalıkavak 
Kamelya Aishen K Club,26733.0,55,0.0,0.0,6,1,9,1,7,2,0,13,1,0,1,1,1,1,1,1,1,1,1,1,0,0,1,0,1,1,1,1,1,Antalya , Side-Çolaklı 
Trendy Side Beach,23400.0,65,0.0,0.0,2,1,1,1,1,1,1,2,0,0,0,1,1,1,1,0,1,1,1,1,0,0,1,0,1,1,1,0,0,Antalya , Side-Denizbükü 
Oscar Seaside Hotel Spa,6750.0,0,0.0,0.0,0,0,0,0,0,0,0,0,0,0,0,0,0,0,0,0,0,0,0,0,0,0,0,0,0,0,0,0,0,Bodrum , Güvercinlik 
Galeri Resort Hotel,24112.8,90,0.0,1.0,4,1,1,1,1,1,1,7,1,0,1,1,1,1,1,1,1,0,1,1,0,0,1,0,0,1,1,1,0,Antalya , Alanya-Okurcalar 
Green Nature Diamond,23400.0,90,0.0,0.0,3,1,1,1,1,1,0,8,1,0,1,0,1,1,1,0,1,1,1,1,0,0,1,0,1,1,1,1,1,Marmaris , Siteler 
Green Nature Resort Spa,18900.0,90,400.0,0.0,1,1,1,1,3,1,1,5,1,0,1,0,1,1,1,0,1,1,1,1,0,0,1,1,1,1,1,1,1,Marmaris , Siteler 
Haydarpasha Palace,30395.2,65,,1.0,4,1,1,1,3,1,1,7,1,1,1,0,1,1,1,1,1,1,1,1,0,0,1,1,1,1,1,1,1,Antalya , Alanya-Türkler 
Hillstone Bodrum Hotel Spa,22425.0,28,750.0,0.0,1,1,1,1,4,1,0,3,0,1,1,1,1,1,1,0,1,0,1,0,0,0,1,0,1,1,0,1,0,Bodrum , Bodrum Merkez 
Hotel Melas Lara,24750.0,12,0.0,0.0,3,1,1,1,1,1,0,2,1,0,1,0,1,1,1,1,1,1,1,1,0,0,0,0,0,1,1,1,1,Antalya , Lara-Kundu 
Hotel Samara,21060.0,27,0.0,1.0,1,0,1,1,1,1,1,5,1,1,1,1,1,1,1,1,1,1,1,1,1,1,1,1,0,1,1,1,1,Bodrum , Torba 
Hotel Terrace Elite Resort,21654.6,52,500.0,0.0,2,1,1,1,1,0,1,3,1,0,1,0,0,1,1,1,1,0,1,1,0,0,1,0,0,1,1,1,1,Antalya , Side 
Jacaranda Luxury Hotel,43176.6,65,0.0,0.0,4,0,1,1,6,1,1,5,1,0,0,1,0,1,0,1,1,1,1,1,0,0,1,0,1,1,1,1,1,Antalya , Side-Gündoğdu 
Jura Hotels Lara Resort,12750.0,11,750.0,0.0,0,0,1,1,4,0,0,1,1,0,0,0,0,1,0,0,0,0,1,0,0,0,1,0,1,1,0,1,0,Antalya , Lara 
Radisson Blu Resort Spa Çeşme,27405.0,88,0.0,1.0,1,1,0,1,1,1,0,3,0,1,1,1,1,1,1,0,1,0,1,0,0,0,1,0,1,1,1,1,1,Çeşme , Ilıca 
Rixos Downtown Antalya,46381.9,18,200.0,0.0,3,1,1,1,1,0,1,1,0,0,1,1,1,1,1,0,1,0,1,0,0,0,0,0,1,1,1,1,1,Antalya , Antalya Merkez 
Robinson Çamyuva,34888.0,60,0.0,1.0,2,0,1,0,1,0,1,4,0,0,1,1,1,1,0,1,1,0,1,1,0,0,1,0,1,1,1,0,0,Antalya , Kemer-Çamyuva 
Royal Atlantis Spa Resort,16830.0,50,0.0,0.0,4,1,1,1,2,1,1,7,1,1,1,0,1,1,1,1,1,1,1,1,0,0,1,0,1,1,1,1,0,Antalya , Side-Gündoğdu 
Royal Holiday Palace,36270.0,15,0.0,1.0,6,1,1,1,2,1,1,9,1,0,0,1,0,1,1,1,1,1,1,1,0,0,1,0,1,1,1,1,1,Antalya , Lara-Kundu 
Royal Seginus Hotel,36270.0,15,200.0,1.0,9,1,1,1,6,1,0,9,1,0,1,0,1,1,1,1,1,1,1,0,0,0,1,0,1,1,1,1,1,Antalya , Lara-Kundu 
Royal Wings Hotel,27667.8,15,0.0,1.0,6,1,1,1,4,1,1,10,1,0,0,1,0,1,1,1,1,1,1,1,0,0,1,0,1,1,1,1,1,Antalya , Lara-Kundu 
Saphir Hotel,29250.0,110,0.0,1.0,1,1,1,1,2,1,1,3,1,0,1,1,1,1,1,1,1,1,1,1,1,1,1,0,1,1,1,1,1,Antalya , Alanya-Konaklı 
Saphir Resort Spa,37050.0,90,0.0,0.0,2,1,1,1,2,1,1,5,1,0,1,1,1,1,1,1,1,0,1,1,1,0,1,0,1,1,1,1,1,Antalya , Alanya-Okurcalar 
Scylax Family Club,14400.0,130,0.0,0.0,0,0,1,1,1,0,0,3,1,0,0,0,0,1,1,0,1,0,1,1,0,0,0,0,1,1,1,1,0,Antalya , Alanya 
Seaden Sea Planet Resort Spa,18144.0,72,0.0,1.0,5,1,1,1,3,2,0,6,1,0,1,1,0,1,1,1,1,1,1,1,0,1,1,1,1,1,1,1,1,Antalya , Side-Kızılot 
Seaden Valentine Resort Spa,18792.0,64,100.0,0.0,3,1,1,1,2,1,0,3,0,0,1,1,1,1,1,0,1,0,1,1,0,0,1,0,1,1,1,0,0,Antalya , Side 
Sealife Family Resort,25920.0,20,,0.0,2,1,2,1,3,1,1,1,1,1,1,1,1,1,1,1,1,1,1,1,1,1,1,1,1,1,1,1,1,Antalya , Konyaaltı-Konyaaltı 
Seher Sun Palace,13860.0,55,300.0,0.0,2,1,1,1,1,1,1,4,1,0,1,0,1,1,1,1,1,1,1,1,0,0,1,0,1,1,1,1,0,Antalya , Side 
Selge Beach Resort Spa,47400.0,75,0.0,1.0,2,1,1,1,3,1,1,0,1,0,1,1,1,1,1,1,1,1,1,1,0,1,1,0,1,1,1,1,1,Antalya , Side-Kızılağaç 
Serenis Hotel,15933.0,65,500.0,0.0,1,1,1,1,5,1,0,2,1,0,0,0,0,1,1,0,1,1,1,1,0,0,0,0,0,1,1,1,1,Antalya , Side-Kumköy 
Serenity Queen Hotel,20196.0,114,,1.0,2,0,0,1,2,1,0,7,1,0,1,0,1,1,1,1,1,0,1,1,0,1,1,0,1,1,1,1,0,Antalya , Alanya-Konaklı 
Seven Seas Gravel Select,22345.8,55,0.0,1.0,4,1,1,1,3,1,1,11,1,0,1,1,1,1,1,1,1,1,1,1,0,0,1,0,0,1,1,1,1,Antalya , Kemer-Merkez 
Xanadu Island Bodrum,36000.0,50,0.0,1.0,2,0,1,1,2,1,1,7,0,0,0,0,0,1,1,0,1,0,1,1,0,0,0,1,1,1,1,1,1,Bodrum , Akyarlar 
Xanadu Resort Hotel,40800.0,40,,1.0,6,1,1,1,2,1,0,6,1,0,1,1,1,1,1,1,1,1,1,1,1,1,1,1,1,1,1,1,1,Antalya , Belek-Acısu Mevkii 
Alan Xafira Deluxe Resort Spa,14973.0,60,300.0,0.0,3,1,1,1,3,1,0,7,1,0,1,0,1,1,1,1,1,1,1,1,1,1,1,1,1,1,1,1,1,Antalya , Alanya-Türkler 
Aqı Pegasos World,18008.1,70,0.0,0.0,3,1,0,1,1,1,0,7,1,0,1,1,1,1,1,0,1,0,1,0,0,0,0,0,1,1,1,1,1,Antalya , Side-Titreyengöl 
First Class Hotel Alanya,12150.0,25,,1.0,1,1,1,1,2,1,1,6,1,0,1,0,1,1,1,1,1,0,1,1,0,0,1,0,0,1,1,1,1,Antalya , Alanya-Kargıcak 
Grand Cettia Hotel,23940.0,96,750.0,0.0,2,1,1,1,4,1,1,1,1,0,1,0,1,1,1,1,1,0,1,1,0,0,0,0,1,1,1,1,1,Marmaris , Armutalan 
Grand Kolibri Prestige Spa,10206.7,100,100.0,0.0,1,0,1,1,2,1,0,4,1,0,0,0,1,1,1,0,0,0,0,1,0,0,0,0,1,0,1,1,0,Antalya , Alanya-Avsallar 
Miracle Resort Otel,40500.0,15,0.0,1.0,2,1,2,3,1,1,1,2,1,0,1,0,0,1,1,1,1,0,1,1,1,0,0,0,1,1,1,1,1,Antalya , Lara-Kundu 
Sianji Well Being Resort,25110.0,49,0.0,0.0,1,0,1,1,1,1,0,1,0,0,1,1,1,1,1,0,1,0,0,0,0,0,1,0,1,1,1,1,0,Bodrum , Turgutreis-Kadıkalesi Mevkii 
Side Star Park,16046.6,65,200.0,0.0,3,1,1,1,1,0,0,4,1,0,1,1,1,1,1,0,1,1,1,1,0,0,1,0,1,1,1,1,1,Antalya , Side-Çolaklı 
Tui Magic Life Masmavi,25061.4,35,0.0,0.0,6,1,1,1,1,1,1,5,1,0,1,1,1,1,1,1,1,1,1,1,0,0,1,0,1,1,0,1,1,Antalya , Belek-Serik 
Campus Hill Hotel,7781.4,135,750.0,0.0,1,0,1,1,1,0,0,4,1,0,1,1,1,1,1,1,1,0,1,1,0,1,1,0,0,1,1,1,0,Antalya , Alanya 
Club Porto Amore Adult Only,41971.0,162,0.0,0.0,2,1,1,1,1,1,0,1,0,0,0,1,0,1,1,0,1,0,1,0,1,1,1,1,0,0,0,0,0,Antalya , Alanya 
Del Mare Reserve Hotel Spa,56764.8,53,0.0,1.0,2,1,1,2,1,1,0,2,0,0,0,1,0,1,1,0,1,0,1,0,0,0,1,0,1,1,1,1,0,Bodrum , Gündoğan 
Diamond Hill Resort,12232.5,125,50.0,0.0,1,1,1,1,1,1,1,1,1,0,1,1,1,1,1,1,1,1,0,1,0,1,1,0,1,1,1,0,1,Antalya , Alanya-Tosmur 
Elementa Boutique Hotel,27360.0,56,200.0,0.0,1,0,1,1,1,0,0,2,0,0,0,0,0,1,1,0,0,0,1,0,0,0,0,0,1,1,0,0,0,Bodrum , Yalıkavak 
Aqı Hydros Club,16891.2,65,0.0,1.0,3,1,0,1,2,1,0,2,1,0,1,1,1,1,1,1,1,1,1,1,1,1,1,1,1,1,1,1,0,Antalya , Kemer-Merkez 
Arabella World Hotel,8373.7,107,300.0,0.0,0,1,1,1,1,1,0,2,1,0,1,1,0,1,1,1,1,0,1,1,0,0,1,0,0,1,1,1,1,Antalya , Alanya-İncekum 
Ares Blue Hotel,8178.0,65,100.0,0.0,0,1,1,1,1,0,0,1,1,0,0,0,0,1,1,0,0,0,1,1,1,1,0,1,0,1,0,1,1,Antalya , Kemer-Kiriş 
Artemis Princess Hotel,10520.9,120,200.0,0.0,0,1,1,1,2,0,0,1,0,0,0,0,0,1,1,0,1,0,1,0,0,0,0,0,0,1,1,1,0,Antalya , Alanya-Obagöl 
Aska Just İn Beach,16456.5,100,0.0,0.0,1,1,1,1,1,1,0,2,0,0,1,0,1,1,1,1,1,1,1,1,0,0,1,1,1,1,1,1,1,Antalya , Alanya-İncekum 
Balmy Beach Resort Kemer,57852.0,40,0.0,0.0,1,0,1,0,1,0,0,3,0,0,0,0,0,1,1,0,1,0,1,0,0,0,0,0,0,1,0,0,0,Antalya , Kemer 
Belkon Club Hotel,5100.0,30,750.0,0.0,1,0,1,1,3,0,0,3,1,0,1,1,1,1,1,0,1,0,1,1,0,0,1,0,0,1,1,1,1,Antalya , Belek-Üçkum Tepesi 
Bilem Hotel Beach Spa,20351.2,16,0.0,0.0,0,1,1,1,1,1,1,4,0,0,1,1,0,1,1,0,1,0,1,0,0,0,1,0,1,1,0,1,0,Antalya , Lara 
Blue Fish Hotel,13114.3,118,50.0,1.0,0,1,1,1,1,0,0,4,1,0,0,0,1,0,1,0,1,0,0,1,0,0,0,0,0,1,1,1,1,Antalya , Alanya-Konaklı 
Cettia Beach Resort +16,28350.0,0,,,0,0,0,0,0,0,0,0,0,0,0,0,0,0,0,0,0,0,0,0,0,0,0,0,0,0,0,0,0,Null,
Club Kastalia Holiday Village,17796.2,113,0.0,1.0,0,1,1,1,2,0,0,3,1,0,1,0,0,1,1,1,1,0,1,1,0,0,1,0,0,1,1,1,0,Antalya , Alanya-Konaklı 
Club Munamar Beach Resort,9691.5,100,50.0,0.0,0,1,1,1,3,0,0,3,1,0,0,0,1,1,1,0,0,0,1,1,0,0,1,0,1,1,1,1,1,Marmaris , İçmeler-Cumhuriyet Mahallesi 
Elips Royal Hotel,17169.6,10,,0.0,0,1,0,0,0,0,1,0,0,1,0,1,0,0,0,0,0,0,1,0,0,0,0,0,1,0,0,0,0,Antalya , Antalya Merkez-Muratpaşa 
Elite World Marmaris (+16),20790.0,0,,,0,0,0,0,0,0,0,0,0,0,0,0,0,0,0,0,0,0,0,0,0,0,0,0,0,0,0,0,0,Null,
Falcon Hotel,28800.0,17,0.0,1.0,1,1,1,1,1,1,1,5,1,1,1,1,1,1,1,1,1,1,1,1,0,0,1,0,0,1,1,1,1,Antalya , Lara 
Fun And Sun Smart Hane Sun,13678.8,55,600.0,0.0,0,0,6,1,1,0,1,1,1,0,0,0,0,1,1,1,1,0,1,1,0,0,0,0,0,1,1,1,1,Antalya , Side-Çolaklı 
Green Paradise Hotel,6891.4,55,0.0,1.0,0,0,1,0,0,0,0,0,1,0,0,0,0,0,1,1,0,0,1,1,0,0,0,0,1,1,1,1,0,Antalya , Alanya 
Hera Hotel Kaş,15390.0,160,0.0,1.0,2,1,1,1,1,0,0,3,0,0,0,0,0,1,1,0,1,0,1,0,0,1,1,1,0,1,0,1,1,Antalya , Kaş-Küçükçakıl Mevkii 
Hotel Bleu Nuit,4050.0,35,50.0,0.0,0,0,1,0,2,0,0,0,0,0,0,1,0,0,0,0,0,1,1,1,0,0,0,0,0,0,0,1,0,Bodrum , Gümbet 
Kleopatra Arsi Hotel,18711.3,125,50.0,0.0,0,1,1,0,1,0,0,1,0,0,1,0,1,1,1,0,0,0,1,0,0,0,1,0,1,1,1,1,0,Antalya , Alanya 
Lonicera Premium Hotel,16447.8,65,0.0,0.0,0,1,1,1,1,1,1,4,0,0,0,0,0,1,1,1,1,1,1,0,0,1,1,0,0,1,1,1,1,Antalya , Alanya-Türkler 
Magna Manastır Suıt Hotel,23760.0,30,200.0,0.0,1,0,1,1,1,0,0,1,0,0,0,1,0,0,1,0,0,0,1,0,0,0,1,0,0,1,0,0,0,Bodrum , Bodrum Merkez 
Seher Kumköy Star Resort Spa,18720.0,60,0.0,0.0,2,0,1,1,1,1,0,5,1,0,1,0,0,1,1,1,1,1,1,1,0,0,1,0,1,1,1,1,0,Antalya , Side-Manavgat 
Side Amour Hotel,10800.0,65,750.0,0.0,0,0,1,1,1,0,1,2,0,0,1,1,0,1,1,1,1,1,1,1,0,1,1,0,1,1,1,1,0,Antalya , Side-Manavgat 
Side Win Hotel,6891.4,56,500.0,0.0,0,0,0,0,1,0,0,3,1,0,1,0,0,1,1,1,1,0,1,1,0,0,1,0,1,1,1,1,1,Antalya , Side-Evrenseki 
Sisus Marina Hotel,10920.0,90,750.0,0.0,2,1,0,1,1,1,1,2,0,1,1,1,0,1,1,0,1,0,1,0,1,0,1,0,1,1,0,1,0,Çeşme , Dalyan 
The D Hotel Ceşme Spa Resort,18921.6,90,750.0,0.0,1,0,1,0,1,0,0,1,0,0,0,1,0,0,1,0,0,0,1,0,0,0,1,0,0,0,0,0,0,Çeşme , Çeşme Merkez 
Theluna Suite Hotel,14132.5,20,,0.0,0,1,0,0,1,0,1,1,0,0,0,1,1,0,1,1,0,0,1,0,0,1,1,0,1,1,0,1,1,Antalya , Konyaaltı-Konyaaltı 
Vita Bella Hotel Resort Spa,22950.0,48,0.0,1.0,1,0,1,1,1,1,0,2,0,0,0,1,0,1,1,0,0,0,0,0,0,0,1,0,1,1,0,1,0,Bodrum , Gündoğan 
Casablanca Beach +12,13568.1,0,,,0,0,0,0,0,0,0,0,0,0,0,0,0,0,0,0,0,0,0,0,0,0,0,0,0,0,0,0,0,Null,
Club Hotel Mirabell,8004.0,120,50.0,1.0,0,1,1,1,2,0,0,5,1,0,1,1,1,1,1,0,1,0,1,1,0,0,1,0,0,1,1,1,1,Antalya , Alanya-Konaklı 
Gardenia Hotel,13157.1,130,,0.0,1,1,1,1,1,0,0,3,0,1,0,0,1,1,1,0,1,1,1,0,0,0,1,0,0,1,1,1,0,Antalya , Alanya-Kleopatra 
Grand Park Lara,17313.7,14,100.0,0.0,2,1,4,2,5,0,1,6,1,0,1,1,0,1,1,0,1,1,1,1,0,0,1,0,0,1,1,1,1,Antalya , Lara-Kundu 
Holiday Inn Antalya Lara,16906.5,7,400.0,0.0,1,1,1,1,1,0,1,1,0,0,0,1,1,1,0,0,1,0,1,0,0,0,1,0,0,1,0,0,0,Antalya , Lara-Örnekköy 
Oba Star Hotel Spa,8716.5,35,50.0,0.0,0,1,0,0,2,0,1,3,1,0,1,1,0,0,1,1,1,0,1,1,1,0,1,1,1,1,1,1,1,Antalya , Alanya-Obagöl 
Prenses Sealine Beach Hotel,13425.5,35,200.0,0.0,0,0,1,0,1,0,0,0,0,0,1,0,0,1,0,0,0,1,1,0,0,0,1,0,1,1,1,1,0,Antalya , Belek-Boğazkent 
Stella Hotel Kemer,12105.0,63,100.0,0.0,0,0,0,1,1,0,0,1,1,0,1,0,0,1,1,0,1,1,1,1,0,0,0,0,1,1,1,1,1,Antalya , Kemer-Çamyuva 
The Corner Park Hotel,17442.0,19,,0.0,1,1,1,1,1,0,0,0,0,0,0,1,0,0,0,0,0,0,1,0,0,0,1,0,0,0,0,1,1,Antalya , Konyaaltı 
A11 Hotel Obaköy,7257.0,130,50.0,1.0,0,1,0,1,1,0,0,5,1,0,1,1,1,1,1,1,1,0,0,1,0,0,0,0,0,1,1,1,1,Antalya , Alanya-Obagöl 
Akra V,15897.6,15,300.0,0.0,1,1,1,1,1,1,0,1,0,1,1,1,1,0,1,0,0,0,1,0,0,0,1,0,1,0,0,1,1,Antalya , Lara 
Arsi Enfi City Beach Hotel,10044.6,127,,0.0,0,1,1,0,1,0,1,1,1,0,1,0,0,1,1,0,0,0,0,0,0,0,1,0,0,1,0,1,1,Antalya , Alanya 
Blue Diamond Alya Hotel,11372.4,125,,0.0,0,1,1,1,2,0,1,2,1,0,0,0,1,1,1,1,1,1,1,1,0,0,0,0,0,1,1,1,0,Antalya , Alanya 
Kleopatra Ada Beach Hotel,10800.0,118,,0.0,1,1,1,1,1,0,0,1,0,0,0,0,0,1,1,1,1,0,1,1,0,0,0,0,0,1,1,1,1,Antalya , Alanya 
Kleopatra Ada Hotel,8775.0,120,50.0,0.0,1,1,1,1,1,0,1,2,0,0,1,0,0,1,1,1,1,1,1,1,0,0,1,0,0,1,1,1,1,Antalya , Alanya 
Kleopatra Beach Hotel,10800.0,48,50.0,0.0,1,1,1,1,2,0,0,2,1,0,1,0,0,1,1,1,1,0,1,1,0,0,0,0,0,1,1,1,0,Antalya , Alanya-Kleopatra 
Kleopatra Royal Palm Hotel,10800.0,118,,0.0,1,0,1,1,2,0,1,2,1,0,1,1,0,1,1,1,1,0,1,1,0,0,0,0,1,1,1,1,1,Antalya , Alanya 
Laren Seaside Hotel Spa,17491.8,7,,0.0,0,0,1,1,1,0,0,0,0,0,1,1,0,1,0,0,1,0,1,0,0,0,1,0,1,0,1,0,1,Antalya , Lara 
Latanya Palm Hotel,11834.0,8,750.0,0.0,1,1,0,1,0,1,1,1,0,0,1,1,0,1,1,0,1,0,1,0,0,0,1,0,1,1,0,1,0,Antalya , Antalya Merkez-Muratpaşa 
Mesut Hotel,15764.7,120,,0.0,0,1,1,1,1,0,0,1,0,0,1,0,0,1,1,0,0,0,1,0,0,0,1,0,1,1,0,1,0,Antalya , Alanya 
Monte Carlo Hotel,12285.0,115,50.0,0.0,0,1,1,1,1,0,1,1,1,0,0,1,0,1,1,1,0,1,1,1,0,0,1,0,1,1,1,1,0,Antalya , Alanya-Obagöl 
Nex Royal Beach Hotel,11103.7,35,,0.0,0,1,1,1,1,0,0,2,1,0,0,0,0,0,0,0,0,0,1,1,0,0,0,0,0,0,0,1,0,Antalya , Kemer-Beldibi 
Ni Marin Hotel,22075.2,15,0.0,1.0,1,0,0,1,2,0,0,2,0,0,0,1,0,0,1,0,1,0,1,0,0,0,0,0,0,0,0,1,0,Bodrum , Güllük 
Old Town Point Hotel,13495.3,13,500.0,0.0,1,1,0,0,0,0,1,0,0,0,0,0,0,1,0,0,0,0,1,0,0,0,0,0,1,0,0,0,0,Antalya , Antalya Merkez 
Olive Tree Hotel,19800.0,50,50.0,0.0,1,1,1,0,1,0,1,0,0,0,0,1,0,0,0,0,0,0,1,0,0,0,0,0,0,0,0,0,0,Bodrum , Gündoğan 
Premier Nergis Beach,18954.3,95,0.0,1.0,1,1,1,1,1,0,1,3,0,0,0,0,0,1,1,0,1,1,1,0,0,0,1,0,1,1,0,1,0,Marmaris , Merkez-Armutalan 
Ramitos Hotel Turunç,19014.8,120,750.0,0.0,1,1,1,1,1,0,1,1,0,0,0,1,0,1,0,0,0,0,1,0,0,0,0,0,1,1,0,1,0,Marmaris , Turunç 
Rammos Hotel Bodrum,20928.0,53,0.0,0.0,2,1,1,0,1,0,1,1,0,0,0,1,0,0,0,0,1,1,1,0,0,0,0,0,1,0,0,0,0,Bodrum , Turgutreis 
Rich Melissa Hotel,9180.0,60,750.0,0.0,0,1,1,1,1,0,0,1,1,0,0,0,0,1,1,0,1,0,1,0,0,0,1,0,0,1,0,1,0,Antalya , Kemer-Merkez 
Rk Magic Dream Hotel,15750.0,55,600.0,0.0,1,1,0,0,0,0,1,0,0,0,0,1,1,1,0,0,0,1,0,1,0,0,1,0,1,1,1,1,0,Antalya , Kemer 
Saint Star Kemer (Adult Only),17388.0,0,,,0,0,0,0,0,0,0,0,0,0,0,0,0,0,0,0,0,0,0,0,0,0,0,0,0,0,0,0,0,Null,
Seagull Hotel,13566.0,40,0.0,1.0,1,0,1,1,2,1,0,1,0,0,0,0,0,1,0,0,1,0,1,1,0,0,0,0,1,1,1,1,1,Antalya , Kemer 
Side Golden Rock Hotel Spa +16,11505.7,0,,,0,0,0,0,0,0,0,0,0,0,0,0,0,0,0,0,0,0,0,0,0,0,0,0,0,0,0,0,0,Null,
Çıralı Azur Hotel,17975.5,90,100.0,0.0,1,0,1,1,1,0,0,1,0,0,0,1,0,0,1,0,0,0,1,0,0,0,1,0,0,1,1,1,1,Antalya , Çıralı 
Elista Boutique Hotel Spa,34699.5,35,0.0,1.0,1,0,1,1,1,0,1,1,0,0,0,1,0,1,0,0,0,0,1,0,0,0,0,0,1,1,1,0,0,Bodrum , Türkbükü 
Golden Orange Hotel,17535.2,16,300.0,0.0,0,0,0,1,1,0,0,0,0,0,0,1,0,0,0,0,0,0,1,0,0,0,0,0,0,0,0,1,0,Antalya , Konyaaltı 
Grand Bahama Beach Hotel,15300.0,30,300.0,0.0,0,1,0,0,0,0,0,0,1,0,0,1,0,1,1,0,1,0,1,1,0,0,1,0,0,1,1,1,1,Antalya , Alanya-Konaklı 
Honeymoon Beach Hotel,10200.0,96,0.0,1.0,0,1,0,1,0,0,0,1,0,0,0,1,0,0,0,0,0,0,1,0,0,0,1,0,0,0,0,0,0,Marmaris , Merkez 
Hotel Centro Bodrum,9152.2,36,750.0,0.0,0,0,1,0,1,0,0,0,0,0,0,0,0,0,1,0,0,0,1,0,0,0,0,0,0,0,0,0,0,Bodrum , Bodrum Merkez 
Hotel Golden Sun,19941.0,45,400.0,0.0,0,0,1,0,2,0,1,5,1,0,0,0,0,0,0,0,0,0,1,0,0,0,0,0,0,0,0,1,0,Antalya , Kemer-Beldibi 
Kristal Beach Hotel,8409.6,15,,0.0,0,1,0,1,1,0,0,0,0,0,0,1,0,0,1,0,0,0,1,0,0,0,1,0,0,1,0,0,0,Antalya , Konyaaltı 
Leslion Luxury Hotel,10200.0,12,750.0,0.0,1,1,0,1,0,0,0,1,0,0,0,1,0,1,1,0,0,0,1,0,0,0,1,0,1,1,0,0,0,Antalya , Antalya Merkez-Muratpaşa 
Mene City Hotel,26069.7,9,750.0,0.0,0,1,0,1,1,0,0,1,0,0,0,1,0,0,0,0,0,0,1,0,0,0,1,0,0,0,0,1,0,Antalya , Muratpaşa 
Rosy Hotel,7500.0,85,750.0,0.0,0,0,1,1,1,0,1,1,0,0,0,1,0,0,1,0,0,0,1,0,0,0,1,0,0,0,0,1,1,Marmaris , Merkez 
Santa Marina Hotel,9900.0,15,100.0,0.0,1,1,1,1,1,0,0,2,0,0,1,1,1,0,1,0,0,0,1,0,0,0,1,0,0,0,0,1,1,Antalya , Konyaaltı 
Sava Hotel,7437.1,22,50.0,0.0,1,0,0,1,1,0,1,1,0,0,0,1,0,0,0,0,0,0,1,0,0,0,1,0,0,0,0,1,0,Antalya , Konyaaltı 
Valeri Beach Hotel,16351.8,55,0.0,0.0,0,1,2,1,1,1,0,1,0,0,1,1,1,1,1,0,1,1,1,0,1,0,0,1,0,1,1,1,1,Antalya , Kemer-Merkez 
Yalıhan Aspendos Hotel,20412.0,100,0.0,0.0,1,0,1,1,1,0,0,3,1,0,1,0,1,1,1,1,1,0,1,1,0,0,1,0,0,1,1,1,1,Antalya , Alanya-Avsallar 
Exporoyal Hotel,5125.8,10,750.0,0.0,0,1,0,1,0,0,0,1,0,0,0,1,0,0,0,0,0,0,1,0,0,0,1,0,0,0,0,0,0,Antalya , Antalya Merkez-Muratpaşa 
Samira Resort Kalkan,8550.0,100,750.0,0.0,1,0,1,1,1,0,0,1,0,0,0,1,0,0,0,0,0,0,1,0,0,0,1,0,0,0,1,1,1,Antalya , Kalkan 
Side Löwe Hotel,9720.0,65,750.0,0.0,0,1,1,1,1,0,1,1,0,0,1,1,1,1,1,1,0,0,1,1,1,1,1,0,1,1,1,1,1,Antalya , Side 
Blue Bay Beach Hotel,7650.0,45,0.0,0.0,1,0,1,1,1,0,0,1,0,0,0,1,0,1,0,0,0,1,1,0,1,0,1,0,1,1,0,1,0,Bodrum , Bitez 
Blue Marina Hotel Spa,9183.2,10,,0.0,1,1,1,0,0,0,0,1,0,0,0,1,0,0,0,0,0,0,1,0,0,0,0,0,0,0,0,0,0,Antalya , Muratpaşa 
Can Adalya Palace Hotel,6789.0,10,750.0,0.0,1,1,0,1,0,0,1,0,0,0,0,1,0,0,1,0,0,0,1,0,0,0,1,0,0,0,0,0,0,Antalya , Muratpaşa 
Candan City Beach Otel,12352.9,90,100.0,0.0,1,1,1,1,0,0,0,1,0,0,0,0,0,0,0,0,0,0,1,0,0,0,0,0,0,0,0,0,0,Marmaris , Merkez 
De Mare Family Hotel,9027.0,112,0.0,0.0,0,1,1,0,1,0,0,3,1,0,0,0,1,0,1,0,0,1,0,0,0,0,0,0,0,1,1,1,0,Antalya , Alanya-Konaklı 
Gürtaş Hotel,16819.2,12,,0.0,0,1,0,1,0,0,1,1,0,0,0,1,0,0,0,0,0,0,1,0,0,0,0,0,0,0,0,0,0,Antalya , Muratpaşa 
Hotel Finike Marine,8496.0,120,300.0,0.0,1,1,0,1,1,0,0,1,0,0,0,1,0,0,0,0,0,0,1,0,0,0,0,0,0,0,0,1,0,Antalya , Finike 
Hotel Royal Hill,10124.4,15,100.0,0.0,1,1,1,1,1,0,1,1,0,0,1,1,1,1,0,0,1,0,1,0,0,0,1,0,1,1,0,1,0,Antalya , Konyaaltı 
İntermar Marmaris,4800.0,95,50.0,0.0,1,1,1,0,1,0,0,1,1,0,1,1,0,1,0,0,0,0,0,0,0,0,0,0,1,1,0,1,0,Marmaris , Merkez 
Kleopatra İkiz Otel,5886.7,120,50.0,0.0,1,1,1,1,1,0,0,1,1,0,0,1,0,1,1,1,0,0,1,0,1,1,1,1,1,1,1,1,0,Antalya , Alanya-Kleopatra 
Kosa Otel Çeşme,10200.0,97,200.0,0.0,1,1,1,1,2,0,0,1,0,0,0,1,0,0,0,0,1,0,1,0,0,0,1,0,0,0,0,1,0,Çeşme , Çeşme Merkez 
Lara Otel,10615.0,12,0.0,0.0,2,1,1,1,1,0,0,3,0,0,0,1,1,1,0,0,0,0,1,0,0,0,1,0,0,1,1,1,0,Antalya , Lara 
Lara World Hotel,11514.1,10,200.0,0.0,0,1,1,1,1,0,0,2,0,0,0,1,0,0,0,0,0,0,1,0,0,0,1,0,0,0,1,0,0,Antalya , Lara-Örnekköy 
Lavitas Hotel,7560.0,65,600.0,0.0,0,1,0,0,0,0,0,0,0,0,1,1,1,0,1,0,0,0,1,0,0,0,1,0,0,0,0,0,0,Antalya , Side-Kumköy 
Lonicera City Kleopatra Hotel,14364.8,120,50.0,0.0,0,1,1,1,1,0,0,1,0,0,0,0,0,0,0,0,0,0,1,0,0,0,1,0,0,0,1,1,0,Antalya , Alanya 
Lupo Libero Hotel Spa,6559.4,12,500.0,0.0,0,1,1,0,0,0,0,0,0,0,0,1,0,1,0,0,1,0,1,0,0,0,0,0,1,1,0,0,0,Antalya , Muratpaşa 
Marbas Select Beach,11131.3,110,0.0,1.0,1,1,1,1,2,0,0,1,0,0,0,0,0,0,0,0,0,0,1,1,0,0,0,0,0,0,0,1,0,Marmaris , İçmeler 
Maris Beach Hotel,16083.3,100,0.0,0.0,1,1,1,1,1,0,0,1,0,0,0,0,0,0,1,0,0,0,1,0,0,0,1,0,0,0,0,1,0,Marmaris , Siteler 
Mevre Hotel,16478.6,13,750.0,0.0,0,0,0,1,0,0,0,1,0,0,0,1,0,0,0,0,0,0,1,0,0,0,0,0,0,0,0,0,0,Antalya , Antalya Merkez-Muratpaşa 
Mira Su Hotel,3942.0,64,300.0,0.0,0,0,0,0,1,0,0,0,0,0,0,0,0,0,0,0,0,0,0,0,0,0,0,0,0,0,0,0,0,Antalya , Kemer-Çamyuva 
Nasa Flora Otel,10290.0,15,100.0,1.0,1,1,1,1,1,0,0,1,0,0,0,1,0,0,0,0,0,0,1,0,0,0,1,0,0,0,0,1,0,Antalya , Lara 
Beyond Otel,11751.0,20,50.0,0.0,0,1,0,1,0,0,0,1,0,0,0,0,0,0,0,0,0,0,1,0,0,0,0,0,0,0,0,0,0,Antalya , Antalya Merkez 
Derin Luxury Hotel,6000.0,0,,0.0,0,0,1,0,1,0,0,1,0,0,0,0,0,0,0,0,0,0,0,0,0,0,0,0,0,0,0,1,0,Antalya , Kemer-Merkez 
Güleryüz Hotel,5122.7,7,100.0,0.0,0,1,0,0,0,0,0,0,0,0,0,1,0,0,0,0,0,0,0,0,0,0,1,0,0,0,0,0,0,Antalya , Muratpaşa 
Kleopatra Beach Yıldız Hotel,18000.0,130,0.0,0.0,30,0,1,0,1,0,0,0,0,0,0,1,0,0,1,0,0,0,1,1,0,0,1,0,0,0,0,1,0,Antalya , Alanya 
Ni Hotel Lara,15137.2,15,750.0,0.0,0,1,1,1,0,0,0,1,0,0,0,1,0,0,0,0,0,0,1,0,0,0,1,0,0,1,0,0,0,Antalya , Lara 
Sunset Hotel Marmaris,23130.9,95,750.0,0.0,0,0,1,0,0,0,0,1,0,0,0,0,0,0,0,0,0,0,1,0,0,0,1,0,0,0,0,0,0,Marmaris , Siteler 
Via Farilya Hotel,47994.0,50,200.0,0.0,0,0,1,0,1,0,0,0,0,0,0,1,0,0,0,0,0,0,1,0,0,0,1,0,0,0,0,0,1,Bodrum , Gündoğan 
Beetle House Coffee Hotel,7800.0,21,750.0,0.0,1,1,1,1,0,0,0,1,0,0,0,1,0,0,0,0,0,0,1,0,0,0,0,0,0,0,0,0,1,Antalya , Konyaaltı 
Dores Residence,18732.2,120,100.0,0.0,1,1,1,0,1,0,0,0,0,0,0,1,0,0,0,0,0,0,1,0,0,0,0,0,0,0,0,1,0,Marmaris , Turunç 
Evergreen Glamping,11880.0,96,750.0,0.0,0,0,0,0,0,0,0,0,0,0,0,1,0,0,0,0,0,0,1,0,0,0,0,0,0,0,0,0,0,Antalya , Olimpos 
Flamingo Residence,18721.2,27,750.0,0.0,0,1,0,0,1,0,0,0,0,0,0,1,0,0,0,0,0,0,1,0,0,0,1,0,0,0,0,1,1,Antalya , Konyaaltı 
Golden World Suite Hotel,13464.0,26,750.0,0.0,0,1,0,0,1,0,1,1,0,0,0,1,0,0,0,0,0,0,1,0,0,0,1,0,0,0,0,1,1,Antalya , Konyaaltı 
Magic Garden Apart,8400.0,70,200.0,0.0,0,0,0,0,0,0,0,0,0,0,0,1,0,0,0,0,0,0,1,0,0,0,0,0,0,0,0,0,1,Antalya , Kemer-Çamyuva 
Türkmen Boutique Bungalow Apart,6480.0,196,,0.0,0,0,0,0,0,0,0,0,0,0,0,0,0,0,0,0,0,0,0,0,0,0,0,0,0,0,0,0,0,Antalya , Demre 
Vista Villas,13665.6,19,,0.0,0,0,0,0,1,0,0,0,0,0,0,1,0,0,0,0,0,0,1,0,0,0,0,0,0,0,0,1,1,Antalya , Belek 
İrem Garden Hotel,7284.8,65,600.0,0.0,1,0,1,1,1,0,0,2,1,0,1,1,1,1,1,1,0,0,1,0,0,1,1,0,1,1,1,1,1,Antalya , Side 
Arya Apart,8412.0,10,600.0,0.0,0,0,0,0,0,0,0,0,0,0,0,1,1,0,0,0,0,0,0,0,0,0,0,0,0,0,0,0,0,Antalya , Lara 
Lara Marine Homes,15768.0,9,,0.0,0,1,0,0,0,0,0,0,0,0,0,1,0,0,0,0,0,0,0,0,0,0,0,0,0,0,0,0,0,Antalya , Muratpaşa 
Maison 48 Apart,11332.7,40,300.0,0.0,0,0,1,0,1,0,0,1,0,0,0,0,1,0,0,0,0,0,1,0,0,0,0,0,0,0,0,1,0,Bodrum , Gümbet 
New Safir Apart Hotel,13669.6,15,400.0,0.0,0,1,0,0,0,0,0,0,0,0,1,1,1,0,0,0,0,0,1,0,0,0,0,0,0,0,0,0,0,Antalya , Lara-Kundu 
Nirvana Apart Hotel,16819.2,188,750.0,0.0,0,0,0,0,1,0,0,0,0,0,0,0,0,0,0,0,0,0,1,0,0,0,1,0,0,0,0,0,0,Antalya , Kaş 
Rodinn Park Hotel,15669.9,15,,0.0,0,0,0,0,0,0,0,0,0,0,0,0,0,0,0,0,0,0,0,0,0,0,0,0,0,0,0,0,0,Antalya , Konyaaltı 
Sardunya Apart,6120.0,110,600.0,0.0,1,0,1,1,1,0,0,1,0,0,1,1,1,0,1,0,0,0,1,0,0,0,1,0,0,0,0,1,0,Marmaris , İçmeler 
Sercan Apart Hotel,11773.4,79,0.0,0.0,0,0,1,1,1,0,0,0,0,0,0,0,0,0,0,0,0,0,0,0,0,0,0,0,0,0,0,1,0,Antalya , Side-Kızılot 
Sirena Apart Spa,37843.2,0,,0.0,0,0,0,0,0,0,0,0,0,0,0,0,0,0,0,0,0,0,0,0,0,0,0,0,0,0,0,0,0,Antalya , Konyaaltı-Konyaaltı 
Stile Suite Family Hotel,10820.7,12,600.0,0.0,0,1,0,0,1,0,0,0,0,0,0,1,0,0,0,0,0,0,1,0,0,0,0,0,0,0,0,1,0,Antalya , Konyaaltı 
Şahin Apart Otel,4800.0,38,200.0,0.0,0,0,1,0,2,0,0,1,0,0,0,1,0,0,0,0,0,0,1,0,0,0,0,0,0,0,0,0,0,Bodrum , Gümbet 
Tebriz Apart,15795.0,55,,0.0,0,0,0,0,0,0,0,0,0,0,0,1,0,0,0,0,0,0,1,0,0,0,0,0,0,0,0,1,0,Antalya , Kemer 
Villa Asoa,14400.0,120,750.0,0.0,0,0,0,0,1,0,0,1,0,0,0,1,1,0,1,0,0,1,1,0,0,0,1,0,0,0,0,0,0,Antalya , Kalkan 
Mavi Cennet Camping Pansiyon,12235.9,80,0.0,0.0,0,0,1,1,0,0,0,1,0,0,0,1,0,0,0,0,0,0,1,0,0,0,0,0,0,0,0,0,0,Antalya , Side-Kızılot 
11 Oda Boutique Pension ( +12 Oteli ),5700.0,0,,,0,0,0,0,0,0,0,0,0,0,0,0,0,0,0,0,0,0,0,0,0,0,0,0,0,0,0,0,0,Null,
Aphrodite Hotel,14296.3,160,,0.0,0,0,1,1,0,0,0,0,0,0,0,1,0,0,1,0,0,0,1,0,0,1,1,0,0,0,0,0,0,Antalya , Kaş 
Beta Guesthouse,16819.2,5,200.0,0.0,0,0,0,0,0,0,0,0,0,0,0,1,1,0,0,0,0,0,1,0,0,0,1,0,0,0,0,0,0,Antalya , Muratpaşa 
Deruni Ilıca Otel,15000.0,80,600.0,0.0,1,0,0,0,0,0,0,0,0,0,0,1,0,0,0,0,0,0,1,0,0,0,0,0,0,0,0,1,0,Çeşme , Alaçatı 
Finike Sever Otel,4500.0,110,100.0,0.0,0,0,0,0,0,0,0,0,0,0,0,1,0,0,0,0,0,0,1,0,0,0,1,0,0,0,0,0,0,Antalya , Finike 
Akkan Beach Hotel,13252.7,35,,0.0,0,0,1,0,1,0,0,1,0,0,0,1,0,0,0,0,0,0,1,0,0,0,1,0,0,0,0,0,0,Bodrum , Bodrum Merkez 
Akkan Luxury Hotel,17975.1,35,50.0,0.0,1,0,1,0,0,0,0,0,0,0,0,0,0,0,0,0,0,0,1,0,0,0,0,0,0,0,0,0,1,Bodrum , Bodrum Merkez 
Amore Boutique Hotel,6811.7,80,300.0,0.0,1,0,1,1,1,0,0,1,0,0,0,1,0,0,0,0,0,0,0,0,0,0,1,0,0,0,0,0,0,Antalya , Kemer-Tekirova 
Art Suites Bodrum,30000.0,55,0.0,1.0,1,0,1,1,1,0,0,1,0,0,0,1,0,0,0,0,0,0,1,0,0,0,1,0,0,0,1,1,0,Bodrum , Yalıkavak 
Azuu Boutique Hotel,14716.3,15,750.0,0.0,0,0,1,1,1,0,0,1,0,0,1,1,0,1,0,0,0,0,1,0,0,0,0,0,1,1,0,0,0,Antalya , Lara 
Babil Butik Hotel,8302.5,20,100.0,0.0,0,0,1,1,0,0,0,0,0,0,1,1,1,0,0,0,0,0,1,0,0,0,1,0,1,0,0,0,0,Antalya , Konyaaltı 
Bodrium Hotel And Spa,22950.0,35,750.0,0.0,1,0,1,1,1,0,0,2,0,0,0,1,0,1,0,0,1,0,1,0,0,0,1,0,1,1,0,1,0,Bodrum , Bodrum Merkez 
Casamia Boutique Hotels,25800.0,50,0.0,1.0,1,0,1,1,0,0,0,1,0,0,0,1,0,0,0,0,0,1,1,0,1,0,1,0,0,0,0,0,0,Bodrum , Gündoğan 
Casaoliva Alaçatı,28382.4,85,750.0,0.0,0,0,1,0,1,0,0,1,0,0,0,1,0,0,0,0,0,0,1,0,0,0,0,0,0,0,0,0,0,Çeşme , Alaçatı 
Çınar Butik Kaş,9021.0,148,100.0,0.0,1,0,0,0,0,0,0,0,0,0,0,1,0,0,0,0,0,0,1,0,0,0,1,0,0,0,0,0,0,Antalya , Kaş 
Değirmenburnu Residence,15697.9,45,300.0,0.0,0,0,0,0,1,0,0,1,0,0,0,1,0,0,0,0,0,0,1,0,0,0,1,0,0,0,0,1,0,Bodrum , Bodrum Merkez 
Doria Hotel Yacht Club,61020.0,150,0.0,1.0,1,0,0,0,1,0,0,1,0,0,1,1,0,0,0,0,0,0,1,0,0,0,0,0,0,1,0,0,0,Antalya , Kaş 
Düşler Evim,11995.2,160,750.0,0.0,0,0,0,0,0,0,0,0,0,0,0,1,0,0,0,0,0,0,1,0,0,0,1,0,0,0,0,0,1,Antalya , Kaş 
Elysium Green Suites Lara,17691.7,5,750.0,0.0,1,1,0,1,1,0,0,0,0,0,1,1,1,0,0,0,1,0,1,0,0,0,0,0,0,0,0,1,1,Antalya , Lara 
En Vie Beach Boutique Hotel,15032.1,38,0.0,0.0,1,0,1,1,0,0,0,1,0,0,0,1,0,0,1,0,0,0,1,0,0,0,1,0,0,0,0,0,0,Antalya , Alanya 
Falcon 1511,16200.0,17,100.0,0.0,0,1,1,1,0,0,0,0,0,0,0,1,0,0,0,0,0,0,1,0,0,0,0,0,0,0,0,0,0,Antalya , Lara-Lara Yolu 
Hildegard Hotel,14322.0,120,,0.0,0,1,1,1,1,0,0,1,0,0,0,1,0,1,0,0,0,0,1,0,0,0,1,0,0,1,0,1,0,Antalya , Alanya 
Hotel Gold Stone,6750.0,0,,0.0,0,0,1,0,1,0,0,0,1,0,0,1,0,0,0,0,0,0,1,0,0,0,1,0,0,0,0,1,0,Antalya , Kemer-Beldibi 
Karyatit Hotel,10121.5,12,200.0,0.0,1,0,1,1,1,0,0,1,0,0,0,1,0,0,0,0,0,0,1,0,0,0,1,0,0,0,1,1,0,Antalya , Kaleiçi 
Kekik Alaçatı Otel Mayko,9200.0,90,750.0,0.0,0,0,1,1,0,0,0,1,0,0,0,1,0,0,1,0,0,0,1,0,1,0,1,0,0,0,0,0,0,Çeşme , Alaçatı 
La Mira Suites,7800.0,90,750.0,0.0,0,0,0,0,0,0,0,0,0,0,0,1,0,0,0,0,0,0,1,0,0,0,0,0,0,0,0,0,0,Çeşme , Alaçatı 
La Siete Hotel,16191.9,14,,0.0,1,0,1,1,1,0,0,1,0,0,0,1,0,0,0,0,0,0,1,0,0,0,1,0,0,0,0,0,0,Antalya , Lara 
Olympos Village Reluxury Hotel,16830.0,85,750.0,0.0,1,0,1,1,1,0,0,1,0,0,0,1,0,0,1,0,0,0,1,0,0,0,1,0,0,1,1,1,0,Antalya , Olimpos 
Örsmaris Boutique Hotel,9799.9,90,0.0,0.0,1,0,1,1,2,0,0,1,0,0,0,1,0,0,1,0,0,0,1,0,0,0,1,1,0,0,0,1,0,Marmaris , Siteler 
Palmalife Hotel,23512.8,45,0.0,1.0,1,1,4,1,1,1,0,3,0,0,0,1,0,1,1,0,1,0,1,0,0,1,1,0,1,1,0,1,0,Bodrum , Yalıkavak-Gökçebel 
Sealife Lounge Hotel,13500.0,19,,0.0,0,1,0,1,1,0,0,1,0,0,0,1,0,1,0,0,0,0,1,0,0,0,0,0,0,0,0,1,0,Antalya , Konyaaltı 
Seçkin Best Hotel Bodrum,9040.3,40,750.0,0.0,0,0,1,1,1,0,0,0,0,0,0,0,0,0,0,0,0,0,1,0,0,0,0,0,0,0,0,0,0,Bodrum , Bodrum Merkez 
Solo Boutique Hotel,19200.0,12,200.0,0.0,1,0,1,0,0,0,0,1,0,0,0,1,0,0,0,0,0,0,1,0,0,0,1,0,0,0,0,0,0,Antalya , Kaleiçi 
Spektr Boutique Hotel Spa,33953.7,54,400.0,0.0,1,1,1,0,4,0,0,1,0,0,0,1,0,0,0,0,0,0,1,0,0,0,0,0,0,0,0,0,0,Bodrum , Yalıkavak 
The Mori Club Hotel,13850.6,12,100.0,0.0,0,0,1,1,0,0,0,1,0,0,0,1,0,0,0,0,0,0,1,0,0,0,0,0,0,0,0,0,0,Antalya , Lara-Muratpaşa 
Tu Casa Linda Hotel,14919.3,13,,0.0,1,0,1,1,0,0,0,1,0,0,0,0,0,0,0,0,0,0,1,0,0,0,0,0,0,0,0,0,0,Antalya , Kaleiçi 
Veranda Suites,9041.1,11,750.0,0.0,0,0,0,0,0,0,0,0,0,0,0,1,0,0,0,0,0,0,1,0,0,0,1,0,0,0,0,0,0,Antalya , Lara-Kundu 
Villa Sonata Hotel,5882.4,45,200.0,0.0,1,0,1,1,1,0,0,1,0,0,0,1,0,1,0,0,1,0,1,0,0,0,0,0,0,1,0,0,0,Antalya , Alanya 
Zübeyde Hanım Otel Alaçatı,7200.0,0,,0.0,0,0,0,0,0,0,0,0,0,0,0,0,0,0,0,0,0,0,0,0,0,0,0,0,0,0,0,0,0,Çeşme , Alaçatı 
Afflon Hotels Sea Hill Concept,16311.1,15,100.0,0.0,1,1,0,0,0,0,0,0,0,0,0,0,0,0,0,0,0,0,1,0,0,0,1,0,0,0,0,0,0,Antalya , Muratpaşa 
Alaroof Butik Otel,15000.0,85,750.0,0.0,1,0,1,0,1,0,0,1,0,0,0,1,0,0,0,0,0,0,1,0,0,0,1,0,0,1,0,0,0,Çeşme , Alaçatı 
Amour Alaçatı Butik Otel,23994.0,70,400.0,0.0,1,0,1,0,1,0,0,1,0,0,0,1,1,0,0,0,0,0,1,0,0,0,1,0,0,0,0,0,1,Çeşme , Alaçatı 
Casa Luna Hotel Alaçatı,31200.0,80,750.0,0.0,1,0,1,1,1,0,0,1,0,0,0,1,0,0,0,0,0,0,1,0,0,0,0,0,0,0,0,0,0,Çeşme , Alaçatı 
Çeşme Marina Konuk Evi,30493.6,93,,0.0,0,0,0,0,1,0,0,0,0,0,0,1,0,0,0,0,0,0,1,0,0,0,0,0,0,0,0,0,0,Çeşme , Çeşme Merkez 
Doğanın Ruhu Otel Bungalow,10350.0,230,,0.0,1,0,1,0,1,0,0,0,0,0,0,1,0,0,0,0,0,0,1,0,0,0,0,0,0,0,0,1,1,Antalya , Kaş 
Ada Julian Hotel Marmaris(16+),11340.0,0,,,0,0,0,0,0,0,0,0,0,0,0,0,0,0,0,0,0,0,0,0,0,0,0,0,0,0,0,0,0,Null,
Adrasan La Casita Boutique Hotel,15600.0,100,200.0,0.0,0,0,0,0,0,0,0,0,0,0,0,1,0,0,0,0,0,0,1,0,0,0,0,0,0,0,1,0,0,Antalya , Adrasan 
Adrasan Yonca Otel,22075.2,110,,1.0,1,0,1,1,1,0,0,1,0,0,0,1,1,0,0,1,0,0,0,0,0,1,1,1,0,0,0,1,1,Antalya , Adrasan 
Afet Hanım Konağı,12643.8,84,750.0,0.0,1,0,1,1,0,0,0,1,0,0,0,1,0,0,0,0,0,0,1,0,0,0,0,0,0,0,0,0,0,Çeşme , Alaçatı 
Ala Otel Alaçatı,23126.4,90,750.0,0.0,1,0,1,1,1,0,0,1,0,0,0,0,0,1,0,0,0,0,1,0,1,0,0,0,0,1,0,0,0,Çeşme , Alaçatı 
Alaçatı Ala Konak Butik Otel,15000.0,90,750.0,0.0,0,0,0,0,1,0,0,1,0,0,0,1,0,0,0,0,0,0,1,0,0,0,0,0,0,0,0,0,0,Çeşme , Alaçatı 
Alaçatı Roka Taş Otel,14000.0,70,750.0,0.0,0,0,1,0,1,0,0,0,0,0,0,1,0,0,0,0,0,0,1,0,0,0,0,0,0,0,0,0,0,Çeşme , Alaçatı 
Alaçatı Sade Otel,19930.3,80,,0.0,1,0,0,1,1,0,0,1,0,0,0,1,0,0,0,0,0,0,1,0,0,0,1,0,0,0,0,0,0,Çeşme , Alaçatı 
Alanarin Alaçatı,27520.3,95,,0.0,0,0,0,0,1,0,0,0,0,0,0,0,0,0,0,0,0,0,1,0,0,0,0,0,0,0,0,0,0,Çeşme , Alaçatı 
Ali`s Boutique Hotel,9000.0,0,,1.0,1,0,0,0,0,0,0,0,0,0,0,1,1,0,1,0,0,0,1,1,0,0,0,0,0,0,0,0,0,Bodrum , Ortakent-Yahşi 
Amour Köy İçi,17994.0,85,,0.0,0,0,1,1,0,0,0,0,0,0,0,0,0,0,0,0,0,0,1,0,0,0,0,0,0,0,0,0,0,Çeşme , Çeşme Merkez 
Anjeliq Downtown Boutique Hotel,8845.2,43,,0.0,1,1,0,1,0,0,0,1,0,0,0,0,0,1,0,0,0,0,1,0,0,0,0,0,1,1,0,0,0,Antalya , Alanya 
Anjeliq House Boutique Hotel,17239.6,40,,0.0,1,0,0,1,0,0,0,0,0,0,0,0,0,0,0,0,0,0,1,0,0,0,0,0,1,1,0,0,1,Antalya , Alanya 
Antmare Hotel,27363.1,92,0.0,0.0,1,1,0,0,1,1,0,1,0,0,0,1,0,1,1,0,1,0,1,0,1,0,1,0,1,1,0,1,0,Çeşme , Alaçatı 
Armel Alaçatı,17919.0,67,750.0,0.0,0,0,1,0,1,0,0,1,0,0,0,0,0,0,0,0,0,0,1,0,0,0,0,0,0,0,0,0,0,Çeşme , Alaçatı 
Aroma Butik Hotel,11220.0,70,,0.0,0,0,1,1,1,0,0,1,0,0,0,1,0,0,0,0,0,0,1,0,0,1,1,0,0,0,0,0,0,Antalya , Side-Kızılot 
Aspat Hotel Bodrum Beach Restaurant,7500.0,45,200.0,0.0,1,0,1,0,1,0,0,1,0,0,0,1,1,0,0,0,0,0,1,0,1,0,1,1,0,0,0,1,0,Bodrum , Akyarlar 
Aspen Hotel,13047.9,12,,0.0,1,1,1,1,1,0,0,1,0,0,0,1,0,1,1,0,0,0,1,0,0,0,1,0,0,0,0,0,0,Antalya , Kaleiçi 
Bambu Alaçatı,8640.0,0,,0.0,0,0,0,0,1,0,0,0,0,0,0,0,0,0,0,0,0,0,0,0,0,0,0,0,0,0,0,1,0,Çeşme , Alaçatı 
Belong Butik Hotel,20100.0,0,,0.0,0,0,0,0,0,0,0,0,0,0,0,0,0,0,0,0,0,0,0,0,0,0,0,0,0,0,0,0,0,Çeşme , Dalyan 
Club Çapa,12220.6,163,0.0,1.0,1,0,1,0,2,0,0,1,0,0,0,1,0,0,0,0,0,0,1,0,0,0,1,0,0,0,0,1,0,Antalya , Kaş-Çukurbağ Yarımadası 
Coastline Boutique Hotel,9000.0,24,100.0,0.0,0,0,0,1,0,0,0,1,0,0,0,1,0,0,1,0,0,0,1,0,0,0,1,0,0,0,0,0,0,Antalya , Konyaaltı 
Cocopalm Boutique Hotel,24000.0,83,,0.0,0,0,1,0,0,0,0,0,0,0,0,0,0,1,0,0,0,0,1,0,0,0,0,0,0,0,0,0,0,Çeşme , Alaçatı 
Comfy Otel Antalya Lara,3658.1,9,400.0,0.0,1,0,0,1,0,0,0,0,0,0,0,1,0,0,0,0,0,0,1,0,0,0,1,0,0,0,0,0,0,Antalya , Muratpaşa 
Cumbalıca Beach Otel,24000.0,0,,0.0,0,0,0,0,0,0,0,0,0,0,0,0,0,0,0,0,0,0,0,0,0,0,0,0,0,0,0,0,0,Çeşme , Ilıca 
Çeşme Flowers Otel,60000.0,0,600.0,0.0,0,0,0,0,0,0,0,0,0,0,0,0,0,0,0,0,0,0,0,0,0,0,0,0,0,0,0,0,0,Çeşme , Çeşme Merkez 
Çeşme Marin Butik Otel,11600.0,95,750.0,0.0,0,0,0,1,0,0,0,1,0,0,0,0,0,0,0,0,0,0,1,0,0,0,0,0,0,0,0,0,0,Çeşme , Çeşme Merkez-Musalla Mahallesi 
Dali Boutique Hotel,19950.0,0,,0.0,0,0,0,0,0,0,0,0,0,0,0,0,0,0,0,0,0,0,0,0,0,0,0,0,0,0,0,0,0,Çeşme , Dalyan 
Der Inn Hotel Lara,23152.8,13,50.0,0.0,0,1,0,0,1,0,0,0,0,0,0,0,0,0,1,0,0,0,0,0,0,0,1,0,0,0,0,0,0,Antalya , Lara-Lara
Dolphin Butik Otel,26287.4,140,0.0,0.0,1,0,1,1,0,0,0,1,0,0,0,0,0,0,0,0,0,0,1,0,0,0,0,0,0,0,0,0,0,Marmaris , Bozburun 
Dolunay Suit Beach,16878.0,0,,0.0,0,0,0,0,0,0,0,0,0,0,0,1,0,0,0,0,0,0,1,0,0,0,0,0,0,0,0,0,0,Bodrum , Milas 
Dream Time Hotel,11356.2,9,300.0,0.0,0,0,1,1,0,0,0,1,0,0,0,1,0,1,0,0,0,0,1,0,0,0,1,0,1,0,0,0,0,Antalya , Muratpaşa 
Elanis Suites Hotel,21030.2,10,50.0,0.0,0,0,0,1,0,0,0,0,0,0,0,0,0,0,0,0,0,0,1,0,0,0,0,0,0,0,0,0,0,Antalya , Lara-Lara Yolu 
Exen By Weekend,9000.0,38,100.0,0.0,0,0,1,0,1,0,0,1,0,0,1,1,1,1,1,0,1,1,1,0,1,1,1,1,1,1,1,0,0,Bodrum , Gümbet 
Flores Hotel Alaçatı,16815.1,84,750.0,0.0,1,0,1,1,0,0,0,0,0,0,0,0,0,0,0,0,0,0,1,0,0,0,0,0,0,0,0,0,0,Çeşme , Çeşme Merkez 
Fora Konak Alaçatı,17878.8,85,,0.0,0,0,0,0,1,0,0,0,0,0,0,0,0,0,0,0,0,0,1,0,0,0,0,0,0,0,0,0,0,Çeşme , Alaçatı 
Giges King Boutique Hotel,11697.6,30,,0.0,0,0,1,0,1,0,0,0,0,0,0,1,0,0,0,0,0,0,0,0,0,0,0,0,0,0,0,0,0,Antalya , Kaleiçi 
Grand Faik Hotel,11163.6,74,100.0,0.0,0,1,0,0,0,0,0,0,0,0,0,1,0,0,0,0,0,0,1,0,0,0,1,0,0,0,0,0,0,Çeşme , Çeşme Merkez 
Güler Butik Hotel,3876.0,50,300.0,0.0,15,0,1,1,1,0,0,1,0,0,0,1,0,0,0,0,0,0,1,0,0,0,1,0,0,0,0,1,0,Antalya , Kemer-Beldibi 
Gümüş Peninsula Hotel,27120.9,200,50.0,0.0,0,0,0,0,1,0,0,1,0,0,0,1,0,0,0,0,0,0,1,0,0,0,0,0,0,0,1,0,0,Antalya , Kaş-Çukurbağ Yarımadası 
Karden Otel,9471.4,14,50.0,0.0,0,1,0,0,0,0,0,0,0,0,0,0,0,0,0,0,0,0,1,0,0,0,0,0,0,0,0,0,0,Antalya , Muratpaşa 
Kaş Gardenia Hotel,16236.0,0,,0.0,0,0,0,0,0,0,0,0,0,0,0,0,0,0,0,0,0,0,1,0,0,0,1,0,0,0,0,0,0,Antalya , Kaş 
Kemer Park Hotel,6000.0,4,750.0,0.0,0,0,1,0,0,0,0,0,0,0,0,1,0,0,0,0,0,0,1,0,0,0,0,0,0,0,0,0,0,Antalya , Kemer 
Kemer Suite Apart Otel,4200.0,60,300.0,0.0,0,0,0,0,1,0,0,0,0,0,0,0,0,0,0,0,0,0,1,0,0,0,0,0,0,0,0,0,0,Antalya , Kemer 
Kempinski Residences Bodrum Barbaros Reserve,241920.0,43,0.0,0.0,0,1,1,0,1,0,0,1,0,0,0,1,0,0,0,0,0,0,1,0,0,0,0,0,0,0,0,0,0,Bodrum , Yalıçiftlik 
Köşe Konak Hotel,28306.7,85,750.0,0.0,0,1,1,1,1,0,0,1,0,0,0,1,0,0,0,0,0,0,1,0,0,0,0,0,0,0,0,0,0,Çeşme , Alaçatı 
Kybele Suites Alaçatı,13800.0,85,750.0,0.0,0,0,1,0,1,0,0,0,0,0,0,1,0,0,0,0,0,0,1,0,0,0,0,0,0,0,0,0,0,Çeşme , Alaçatı 
La Cactus Butik Otel,11563.2,14,,0.0,0,0,1,0,0,0,1,1,0,0,0,1,0,0,0,0,0,0,1,0,0,0,1,0,0,0,0,0,1,Antalya , Konyaaltı 
La Luna Butik Otel,18921.6,0,,0.0,0,0,0,0,0,0,0,0,0,0,0,0,0,0,0,0,0,0,0,0,0,0,0,0,0,0,0,0,0,Çeşme , Alaçatı 
La Vida Triangulo Hotel,34500.0,0,750.0,0.0,0,0,0,0,1,0,0,0,0,0,0,1,0,0,0,0,0,0,1,0,0,0,0,0,0,0,0,0,0,Çeşme , Alaçatı 
Lacitrus Villa Hotel,12386.4,0,750.0,0.0,1,0,1,0,0,0,0,0,0,0,0,1,0,0,0,0,0,0,0,0,0,0,0,0,0,0,0,0,0,Antalya , Kaş 
Lal Azure Hotel Alaçatı,12000.0,70,,0.0,0,0,0,0,0,0,0,0,0,0,0,0,0,0,0,0,0,0,0,0,0,0,0,0,0,0,0,0,0,Çeşme , Alaçatı 
Lara Garden Hotel,6825.3,10,750.0,0.0,0,1,1,1,1,0,0,1,0,0,0,1,0,0,0,0,0,0,1,0,0,0,0,0,0,0,0,0,0,Antalya , Lara 
Lavender Otel,6000.0,97,,0.0,0,0,1,0,0,0,0,0,0,0,0,0,0,0,0,0,0,0,0,0,0,0,0,0,0,0,0,0,0,Çeşme , Çeşme Merkez 
Leaf River Suites,17665.5,15,750.0,0.0,1,1,0,1,1,0,0,1,0,0,0,0,0,0,0,0,0,0,1,0,0,0,1,0,0,0,0,0,0,Antalya , Lara 
Likya Residence Hotel Spa,39116.5,135,750.0,0.0,1,1,1,1,1,1,0,1,0,0,0,1,0,1,0,0,1,0,1,0,0,0,0,0,1,1,0,0,0,Antalya , Kalkan 
Lilium Boutique Hotel,18456.0,15,750.0,0.0,0,1,1,0,1,0,0,1,0,0,0,1,0,0,0,0,0,0,1,0,0,0,0,0,0,0,0,0,0,Antalya , Lara 
Livaneli Boutique Hotel,12000.0,120,,0.0,1,1,0,0,1,0,0,1,0,0,0,0,0,0,1,0,0,0,1,0,0,1,1,0,0,0,0,1,0,Antalya , Alanya 
Mon Amour Alaçatı,11994.0,85,750.0,0.0,0,0,0,0,0,0,0,1,0,0,0,1,0,0,0,0,0,0,0,0,0,0,0,0,0,0,0,0,0,Çeşme , Alaçatı 
Monreve Alaçatı,49400.0,68,,0.0,1,0,0,0,0,0,0,0,0,0,0,0,0,0,0,0,0,0,0,0,0,0,0,0,0,0,0,0,0,Çeşme , Alaçatı 
Mons Casa Boutique Otel,15000.0,160,,0.0,0,0,0,0,0,0,0,0,0,0,0,1,0,0,0,0,0,0,1,0,0,0,0,0,0,0,0,0,0,Marmaris , İçmeler 
Moy Side,6000.0,70,100.0,0.0,0,0,1,0,0,0,0,1,0,0,1,1,1,1,0,0,0,1,0,0,0,1,0,1,0,1,0,0,0,Antalya , Side 
Mucho Butik Otel,7560.0,20,300.0,0.0,1,0,1,1,0,0,0,2,0,0,0,1,1,0,0,0,0,0,1,0,0,0,1,0,0,0,0,0,0,Bodrum , Bodrum Merkez 
Nebilux Hotel,10235.2,12,,0.0,1,1,1,1,0,0,0,1,0,0,0,1,0,0,0,0,0,0,1,0,0,0,1,0,0,0,0,0,0,Antalya , Muratpaşa 
Neva Hotel Alaçatı,18921.6,0,,0.0,0,0,0,0,0,0,0,0,0,0,0,0,0,0,0,0,0,0,0,0,0,0,0,0,0,0,0,0,0,Çeşme , Alaçatı 
No81 Hotel,28950.0,38,0.0,1.0,1,0,1,0,0,0,0,1,0,0,1,1,0,1,1,0,1,0,1,0,0,1,1,1,0,1,0,0,0,Bodrum , Türkbükü 
Olsen Hotel,8966.7,0,,0.0,0,1,0,0,0,0,0,0,0,0,0,0,0,0,0,0,0,0,0,0,0,0,0,0,0,0,0,0,0,Antalya , Muratpaşa 
Oscar Garden Hotel,11826.0,14,500.0,0.0,0,0,1,1,1,0,0,1,0,0,0,1,0,0,0,0,0,0,1,0,0,0,0,0,0,0,1,0,0,Antalya , Muratpaşa 
Otel Gümüşlük,15000.0,60,50.0,0.0,1,0,1,1,1,0,0,1,0,0,0,1,0,0,0,0,0,0,1,0,0,0,1,0,0,0,0,1,0,Bodrum , Gümüşlük 
Otto Palace Boutique Hotel,16200.0,0,,0.0,0,0,1,0,1,0,0,0,0,0,0,0,0,0,0,0,0,0,1,0,0,0,0,0,0,0,0,0,0,Antalya , Adrasan 
Payava Hotel By True Blue,17782.7,123,200.0,0.0,0,1,0,0,1,0,0,1,0,0,0,1,1,0,0,0,0,0,1,0,0,0,0,0,0,0,0,0,0,Antalya , Kalkan 
Perast City Hotel,21091.2,0,,0.0,0,0,0,0,0,0,0,0,0,0,0,0,0,0,0,0,0,0,0,0,0,0,0,0,0,0,0,0,0,Antalya , Konyaaltı 
Pitoresk Alaçatı,12000.0,0,,0.0,0,0,1,0,1,0,0,1,0,0,0,0,0,0,0,0,0,0,0,0,0,0,0,0,0,0,0,0,0,Çeşme , Alaçatı 
Puka Alaçatı,25228.8,0,,0.0,0,0,0,0,0,0,0,0,0,0,0,0,0,0,0,0,0,0,0,0,0,0,0,0,0,0,0,0,0,Çeşme , Alaçatı 
Pure Blanche,27360.0,23,,0.0,0,1,1,0,1,0,0,1,0,0,0,1,0,0,0,0,0,0,1,0,0,0,1,0,0,0,0,0,0,Antalya , Muratpaşa 
Ramiz Alaçatı,12000.0,0,,0.0,0,0,0,0,0,0,0,0,0,0,0,0,0,0,0,0,0,0,0,0,0,0,0,0,0,0,0,0,0,Çeşme , Alaçatı 
Ramona Hotel,15326.5,10,300.0,0.0,0,0,0,1,1,0,0,0,0,0,0,1,0,0,0,0,0,0,1,0,0,0,0,0,0,0,0,1,1,Antalya , Lara 
Rayana Hotel,14364.0,135,50.0,0.0,0,0,1,0,0,0,0,0,0,0,0,1,0,0,0,0,0,0,1,0,0,0,0,0,0,0,0,0,0,Marmaris , Bozburun 
Route Hotel Adult Only +12,13665.6,0,,,0,0,0,0,0,0,0,0,0,0,0,0,0,0,0,0,0,0,0,0,0,0,0,0,0,0,0,0,0,Null,
Royal Hayat Hotel,13200.0,10,,0.0,0,0,1,0,0,0,0,1,1,0,0,1,0,1,1,0,0,0,1,0,0,0,1,0,1,1,0,0,0,Antalya , Kaleiçi 
Signature Alaçatı,59213.1,76,750.0,0.0,0,0,1,0,1,0,0,1,0,0,0,1,0,0,1,0,1,0,1,0,0,0,0,0,0,0,0,0,0,Çeşme , Alaçatı 
Smart City Bodrum,9611.0,32,,0.0,0,0,1,0,0,0,0,0,0,0,1,1,1,0,1,0,0,0,1,0,0,0,1,0,0,0,0,0,1,Bodrum , Bodrum Merkez 
Swan Boutique Hotel,25228.8,37,200.0,0.0,0,0,0,0,0,0,0,0,0,0,0,1,1,0,0,0,0,0,1,0,0,0,1,0,0,0,0,1,0,Bodrum , Bodrum Merkez 
Tangiers Hotel Yalıkavak,13402.7,52,,0.0,1,0,1,0,1,0,0,1,0,0,0,0,0,0,0,0,0,0,0,0,0,0,0,0,0,0,0,0,0,Bodrum , Yalıkavak 
Tarçın Alaçatı Otel,16118.4,90,,0.0,1,0,0,0,0,0,0,0,0,0,0,1,0,0,0,0,0,0,1,0,0,0,0,0,0,0,0,0,0,Çeşme , Alaçatı 
Thats Alaçatı,25697.5,85,,0.0,1,0,1,1,1,0,0,0,0,0,0,1,0,0,0,0,0,0,1,0,0,0,0,0,0,0,0,0,0,Çeşme , Alaçatı 
The Farrys Boutique Hotel,19552.3,25,0.0,0.0,0,0,0,0,0,0,0,0,0,0,0,1,0,0,0,0,0,0,0,0,0,0,1,0,0,0,0,0,0,Bodrum , Yalıkavak 
The Hill Glamping,10912.5,95,750.0,0.0,0,0,1,0,1,0,0,1,0,0,0,1,1,0,0,0,0,1,1,0,0,0,1,0,0,0,1,0,0,Antalya , Çıralı 
The Hotel 48,7573.0,31,50.0,0.0,0,0,0,1,0,0,0,0,0,0,0,0,0,0,0,0,0,0,1,0,0,0,0,0,0,0,0,0,0,Bodrum , Bodrum Merkez 
The Local House Alaçatı,43940.1,67,,0.0,1,0,1,1,1,0,0,1,0,0,0,1,0,1,0,0,1,0,1,0,0,0,0,0,1,1,0,0,0,Çeşme , Alaçatı 
The Luxury Shelters,21000.0,0,,0.0,0,0,0,0,0,0,0,0,0,0,0,0,0,0,0,0,0,0,0,0,0,0,0,0,0,0,0,0,0,Antalya , Kaş 
Toll Garden,13531.5,65,,0.0,1,0,0,0,0,0,0,0,0,0,0,1,0,0,1,0,0,0,1,0,0,0,0,0,0,0,0,0,0,Antalya , Side 
True Blue Boutique Hotel,26542.9,220,200.0,0.0,0,0,1,0,1,0,0,1,0,0,0,1,0,0,0,0,0,0,1,0,0,0,0,0,0,0,0,0,0,Antalya , Kalkan 
Türkay Hotel,18000.0,0,,0.0,0,0,0,1,0,0,0,1,0,0,0,0,0,0,0,0,0,0,1,0,0,0,1,0,0,0,0,0,0,Antalya , Konyaaltı 
Un Amor Hotel +16 Adults Only,13500.0,0,,,0,0,0,0,0,0,0,0,0,0,0,0,0,0,0,0,0,0,0,0,0,0,0,0,0,0,0,0,0,Null,
Via Perla Butik Otel,20400.0,95,400.0,0.0,0,0,0,1,1,0,0,0,0,0,0,1,0,0,0,0,0,0,1,0,0,0,0,0,0,0,0,0,0,Çeşme , Çeşme Merkez 
Viento Hotel Alaçatı,38400.0,95,750.0,0.0,1,0,1,1,1,0,0,1,0,0,0,1,0,0,0,0,0,0,1,0,0,0,0,0,0,0,0,0,0,Çeşme , Alaçatı 
Villa Oliva Butik Hotel,31536.0,39,,0.0,0,0,0,0,1,0,0,0,0,0,0,0,0,0,1,0,0,0,1,0,0,0,1,0,0,1,0,0,0,Bodrum , Gündoğan 
Villa Peri Alaçatı,12474.6,84,,0.0,0,0,0,0,1,0,0,0,0,0,0,0,0,0,0,0,0,0,1,0,0,0,0,0,0,0,0,0,0,Çeşme , Alaçatı 
Villamer Alaçatı,16819.2,0,,0.0,0,0,0,0,0,0,0,0,0,0,0,0,0,0,0,0,0,0,0,0,0,0,0,0,0,0,0,0,0,Çeşme , Alaçatı 
Vintage Hotel Alaçatı,43581.0,70,,0.0,0,0,0,0,0,0,0,0,0,0,0,0,0,0,0,0,0,0,0,0,0,0,0,0,0,0,0,0,0,Çeşme , Alaçatı 
Voger Köyiçi,41574.8,0,,0.0,0,0,0,0,0,0,0,0,0,0,0,0,0,0,0,0,0,0,0,0,0,0,0,0,0,0,0,0,0,Çeşme , Alaçatı 
Wind Of Alaçatı,11160.0,90,,0.0,0,0,0,0,0,0,0,0,0,0,0,0,0,0,0,0,0,0,0,0,0,0,0,0,0,0,0,0,0,Çeşme , Alaçatı 
Yalıkavak Marina Garden Hotel,22649.1,52,50.0,1.0,1,1,1,1,0,0,0,1,0,0,1,1,1,1,1,0,1,0,1,0,0,0,1,0,1,1,0,0,0,Bodrum , Yalıkavak 
Gvar Apart Hotel,6622.5,12,400.0,0.0,0,1,0,0,0,0,1,0,0,0,0,0,0,0,0,0,0,0,0,0,0,0,0,0,0,0,0,0,0,Antalya , Muratpaşa 
Hakan Otel Bodrum,6878.4,40,,0.0,0,0,1,0,1,0,0,1,0,0,0,0,0,0,1,0,0,0,1,0,0,0,1,0,0,0,0,0,0,Bodrum , Bitez 
Hotel Berke Ranch Nature,12278.0,63,750.0,0.0,1,0,1,1,1,0,0,2,0,0,0,1,1,1,1,1,0,1,1,0,0,0,1,0,1,1,1,0,1,Antalya , Kemer-Çamyuva 
Hoyran Wedre Köy Evleri,29469.2,182,,0.0,0,0,1,1,1,0,0,0,0,0,0,0,0,0,0,0,0,0,1,0,0,0,0,0,0,0,0,0,0,Antalya , Demre 
Kadirs Tree Houses,15714.0,110,750.0,0.0,1,0,1,1,0,0,0,1,0,0,0,1,0,0,0,1,0,0,0,0,0,0,1,1,0,0,0,0,0,Antalya , Olimpos 
La Boutique Hotel Suites,25316.5,15,0.0,0.0,1,1,0,1,1,0,0,2,0,0,0,1,0,1,0,0,1,0,1,0,0,0,0,0,1,1,0,0,0,Antalya , Lara 
Maja Luxury Çeşme,22113.0,90,0.0,1.0,0,0,1,0,1,0,0,2,0,0,0,1,0,0,0,0,0,0,1,0,0,0,1,0,0,0,1,0,1,Çeşme , Çeşme Merkez 
Moonshine Hotel Suites,9144.5,28,300.0,0.0,1,0,0,1,1,0,0,0,0,0,0,1,0,0,0,0,0,1,1,0,0,0,0,0,0,0,0,1,0,Bodrum , Bodrum Merkez 
Nostalgia World Otel,17640.0,80,100.0,0.0,1,0,1,1,1,0,0,1,0,0,0,1,0,0,0,0,0,0,1,0,0,0,0,0,0,0,0,0,1,Antalya , Side-Kızılot 
Patara Prince Resort,14533.2,120,0.0,1.0,3,1,3,3,3,1,0,5,0,0,1,1,1,1,1,0,1,0,1,0,1,1,1,0,1,1,1,1,1,Antalya , Kalkan 
Patron Hotel,9000.0,16,300.0,0.0,0,0,1,1,0,0,0,0,0,0,0,0,0,0,0,0,0,0,0,0,0,0,0,0,0,0,0,0,0,Antalya , Kaleiçi 
Peninsula Gardens Hotel,44479.3,152,100.0,0.0,1,1,1,1,1,1,0,1,0,0,0,1,0,1,0,0,0,0,1,0,0,0,0,0,1,1,0,0,0,Antalya , Kaş-Çukurbağ Yarımadası 
Sey Beach Hotel Spa,14152.5,33,50.0,0.0,0,1,1,0,1,1,1,2,1,0,0,1,1,1,1,0,1,0,1,1,0,0,1,0,1,1,1,1,0,Antalya , Alanya 
Start Otel,8210.7,12,750.0,0.0,0,1,0,1,0,0,0,1,0,0,0,1,0,1,1,0,0,0,1,0,0,0,1,0,0,1,0,0,0,Antalya , Antalya Merkez 
Sun Hotel By En Vie Beach,18945.1,40,,0.0,0,0,1,0,0,0,0,0,0,0,0,0,0,0,0,0,0,0,0,0,0,0,0,0,0,0,0,0,0,Antalya , Alanya 
Terra Rossa,6264.1,15,750.0,0.0,0,1,0,0,0,0,0,0,0,0,0,1,0,0,0,0,0,0,1,0,0,0,1,0,0,0,0,0,0,Antalya , Muratpaşa 
The Lifeco Bodrum,98812.8,25,50.0,1.0,1,0,1,1,1,0,1,1,0,0,1,0,0,1,1,0,1,0,0,0,0,0,1,0,1,1,1,0,0,Bodrum , GölTürkbükü 
The Room Hotel Apartments,8830.0,21,600.0,0.0,0,1,0,1,0,0,0,0,0,0,0,0,0,0,0,0,0,0,1,0,0,0,1,0,0,0,0,0,0,Antalya , Konyaaltı 
Elda Köyiçi Alaçatı,7650.0,80,,0.0,0,0,1,1,0,0,0,0,0,0,0,0,0,0,0,0,0,0,0,0,0,0,0,0,0,0,0,0,0,Çeşme , Alaçatı 
Eldar Garden Resort,10752.0,50,200.0,0.0,0,1,1,1,1,0,1,3,1,0,1,1,1,1,1,1,0,1,1,1,1,1,1,1,1,1,1,1,1,Antalya , Kemer-Göynük 
Ena Boutique Hotel,19342.0,35,400.0,0.0,1,1,1,1,1,0,1,1,0,0,0,1,0,0,1,0,0,0,1,0,0,0,1,0,0,0,0,0,0,Bodrum , Bodrum Merkez 
Ertan Otel Çeşme,18360.0,96,0.0,0.0,0,1,1,1,0,0,1,1,0,0,0,0,0,0,0,0,0,0,1,0,0,0,1,0,0,0,0,0,0,Çeşme , Çeşme Merkez 
Parkım Ayaz Otel,16728.0,40,0.0,0.0,2,0,1,1,3,0,0,3,1,0,0,0,0,1,1,0,1,0,1,1,0,0,0,0,0,1,1,1,0,Bodrum , Gümbet 
Porto Fenari Köyiçi,9000.0,85,,0.0,0,0,1,0,0,0,0,1,0,0,0,0,0,0,0,0,0,0,0,0,0,0,0,0,0,0,0,0,0,Çeşme , Alaçatı 
Qinn Hotel,13410.0,11,0.0,1.0,1,1,1,1,1,0,0,2,0,0,0,1,0,0,1,0,0,0,1,0,0,0,1,0,0,0,0,1,0,Antalya , Muratpaşa 
Radisson Blu Hotel Kaş +12 Adults Only,30880.0,0,,,0,0,0,0,0,0,0,0,0,0,0,0,0,0,0,0,0,0,0,0,0,0,0,0,0,0,0,0,0,Null,
Sakız Kızı Alaçatı Butik Otel,12000.0,0,,0.0,0,0,0,0,0,0,0,0,0,0,0,1,0,0,0,0,0,0,1,0,0,0,0,0,0,0,0,0,0,Çeşme , Alaçatı 
Sun Pearl Resort Çeşme,12375.0,95,0.0,1.0,1,0,1,1,1,0,0,1,0,0,0,1,0,0,0,0,0,0,1,0,0,0,0,0,0,0,0,0,0,Çeşme , Çeşme Merkez 
Şifne Thermal Hotel,21000.0,66,0.0,0.0,1,0,0,0,2,0,0,0,0,0,0,1,0,0,0,0,0,0,1,0,0,0,1,0,0,1,0,0,0,Çeşme , Ilıca 
The Sansa Hotel,11640.0,65,750.0,0.0,1,1,1,1,0,1,1,1,0,0,0,1,0,1,1,0,1,0,1,0,0,0,1,0,1,1,0,0,0,Antalya , Manavgat 
Regnum Carya,84600.0,35,0.0,1.0,15,1,1,3,6,2,1,17,1,1,1,1,1,1,1,1,1,1,1,1,1,0,1,1,1,1,1,1,1,Antalya , Belek-Üçkum Tepesi 
Robinson Nobilis,39815.9,40,0.0,1.0,0,1,1,1,1,1,1,4,1,0,1,1,1,1,1,1,1,0,1,1,0,0,1,0,1,1,1,1,1,Antalya , Belek-Acısu Mevkii 
Side Kum Hotel,27783.0,54,500.0,0.0,0,1,1,1,2,1,1,8,1,0,0,0,0,1,1,1,1,0,0,1,0,0,0,0,0,1,1,1,1,Antalya , Side-Kumköy 
Sui Resort Hotel,21582.0,98,500.0,0.0,3,1,1,1,1,1,1,4,1,0,0,0,0,1,1,1,1,1,1,1,1,0,0,0,1,1,1,1,1,Antalya , Alanya-Okurcalar 
Aqı Pegasos Resort,18314.1,96,0.0,1.0,3,1,1,1,2,1,0,3,1,0,1,1,1,1,1,0,0,0,1,1,0,1,0,1,0,1,1,1,1,Antalya , Alanya-İncekum 
Port Side Resort Hotel,28470.9,60,,0.0,1,0,1,1,1,1,0,3,1,0,1,1,1,1,1,1,1,0,1,1,0,0,1,0,0,1,1,1,0,Antalya , Side-Evrenseki 
Best Western Plus Khan Hotel,19768.4,12,750.0,0.0,1,1,1,1,1,0,1,1,0,1,0,1,0,1,1,0,0,0,1,0,0,0,1,0,0,1,0,0,0,Antalya , Antalya Merkez-Muratpaşa 
Charm Beach Hotel,15606.0,58,0.0,0.0,2,1,1,1,1,0,1,3,1,0,1,1,1,1,1,1,1,0,1,1,0,0,0,0,0,1,1,1,0,Bodrum , Turgutreis-Akyarlar 
Ritim Apart Otel,1681709.6,45,200.0,0.0,0,0,0,0,0,0,0,0,0,0,0,0,0,0,0,0,0,0,1,0,0,0,0,0,0,0,0,0,0,Bodrum , Turgutreis 
Mat Butik Otel,72000.0,0,,0.0,1,1,0,1,1,0,0,1,0,0,0,0,0,0,0,0,0,0,0,0,0,0,0,0,0,0,0,0,0,Çeşme , Ilıca 
Argos Hotel (+16),11258.3,0,,,0,0,0,0,0,0,0,0,0,0,0,0,0,0,0,0,0,0,0,0,0,0,0,0,0,0,0,0,0,Null,
Casa Dell’arte Hotel Of Arts Leisure,35404.6,0,,,0,0,0,0,0,0,0,0,0,0,0,0,0,0,0,0,0,0,0,0,0,0,0,0,0,0,0,0,0,Null,
Golden Key Hisarönü,47994.0,113,0.0,0.0,1,1,1,1,1,0,0,1,0,0,0,1,0,0,0,0,0,0,1,0,0,0,1,1,0,0,1,1,1,Marmaris , Hisarönü 
Lavanta Hotel Turunç,12614.4,120,600.0,0.0,1,0,0,0,0,0,0,0,0,0,0,1,0,0,0,0,0,0,1,0,0,0,0,0,0,0,0,0,0,Marmaris , Turunç 
Monottoman Otel,15900.0,96,750.0,0.0,1,0,0,0,0,0,0,1,0,0,0,1,0,0,0,0,0,0,1,0,0,0,1,0,0,0,0,0,0,Çeşme , Alaçatı 
Petunya Konak Butik Otel,13665.6,102,750.0,0.0,1,0,1,1,1,0,0,1,0,0,0,1,0,1,0,0,0,0,1,0,0,0,1,0,0,0,0,1,0,Marmaris , İçmeler 
Xeno Eftalia Resort,17656.5,0,,0.0,0,0,0,0,0,0,0,0,1,0,0,0,0,0,0,0,0,0,0,0,0,0,0,0,0,0,0,0,0,Antalya , Alanya 
Mekvin Suites Villas +12 Adults Only,19624.6,0,,,0,0,0,0,0,0,0,0,0,0,0,0,0,0,0,0,0,0,0,0,0,0,0,0,0,0,0,0,0,Null,
Upperhouse Boutique Hotel,14580.0,225,200.0,1.0,0,0,1,1,0,0,0,1,0,0,1,1,1,1,0,0,0,0,1,0,0,1,1,0,1,1,0,0,0,Antalya , Kaş 
Graf Victor Hotel,8409.6,135,100.0,0.0,1,1,1,1,1,1,0,1,0,0,0,0,0,1,1,0,1,0,1,0,0,0,0,0,0,1,0,0,0,Antalya , Alanya-Kestel 
Tourist Hotel,11805.4,10,100.0,0.0,0,1,0,1,1,0,0,1,0,0,0,1,0,0,0,0,0,0,1,0,0,0,1,0,0,0,0,1,0,Antalya , Lara-Örnekköy 
Sarp Hotels Kadriye,11437.0,30,750.0,0.0,0,1,1,1,2,0,1,2,1,0,0,1,0,0,1,1,0,0,1,0,0,0,1,0,0,0,1,1,1,Antalya , Belek-Kadriye 
Majeste Hotel Bodrum,7920.0,45,200.0,0.0,1,0,1,1,1,0,0,1,0,0,0,0,0,0,1,0,1,0,1,1,0,0,1,0,0,0,0,0,0,Bodrum , Gümbet 
Adrasan Nar Çiçeği Otel,35880.0,110,600.0,0.0,0,0,1,1,0,0,0,0,0,0,0,1,0,0,0,0,0,0,1,0,0,0,0,0,0,0,0,0,0,Antalya , Adrasan 
Türkmen Tree Houses,19131.8,95,500.0,0.0,0,0,1,1,0,0,0,1,0,0,0,1,0,0,0,0,0,1,1,0,0,1,0,0,0,0,0,0,0,Antalya , Olimpos 
The Marilis Hill Resort Hotel Spa,13642.6,90,750.0,0.0,1,1,1,1,1,1,1,6,1,0,1,1,1,1,1,1,1,1,1,1,0,0,1,0,1,1,1,1,1,Antalya , Alanya-Okurcalar 
Sea City Devran Hotel Spa,59918.4,9,100.0,0.0,0,1,0,1,0,0,0,0,0,0,0,0,1,0,0,0,0,0,0,0,0,0,0,0,0,0,0,0,0,Antalya , Konyaaltı-Konyaaltı 
Belek Golf Village,315360.0,0,,0.0,0,0,0,0,1,0,0,1,1,0,0,1,0,1,0,0,1,0,0,0,0,0,0,0,0,0,0,0,0,Antalya , Belek 
